intent,score,margin,title,url,alt
μειωση_τιμολογιου,0.119,0.007,"Βεβαίωση πληρωμών (προσκύρωσης, εισφοράς σχεδίου πόλης, προστίμου αυθαίρετης κατασκευής)",https://eservices.heraklion.gr/e-services/economic-services/bebeosi-plhromon.html,Άνοιγμα μερίδας δημότη – λόγω διαζυγίου (με διαζύγιο που έχει καταχωρηθεί στην ληξιαρχική πράξη γάμου μέχρι το έτος 2017)
δελτια_τυπου,0.147,0.052,Διόρθωση τόπου γέννησης,https://eservices.heraklion.gr/e-services/municipal-roll/diorthosi-topou-gennisis.html,Άδεια Πολιτικού Γάμου για Αλλοδαπούς
ενοικιαση_ταφου,0.151,0.010,Μεταδημότευση λόγω διετούς κατοικίας,https://eservices.heraklion.gr/e-services/municipal-roll/metadimoteusi-logo-dietous-katikias.html,Βεβαίωση Μόνιμης Κατοικίας Δημότη Ηρακλείου
αδεια_παραγωγου_αγροτη,0.159,0.026,Άδεια Πολιτικού Γάμου για Αλλοδαπούς,https://eservices.heraklion.gr/e-services/civil-marriages/marriage-foreigners.html,Άδεια Πολιτικού Γάμου για Έλληνες Πολίτες
θεωρηση_γραμμων,0.160,0.010,Αντίγραφα φακέλου καταγεγραμμένου αυθαιρέτου,https://eservices.heraklion.gr/e-services/town-planning/antigrafo-fakelou-katagegramenou-aftheretou.html,Χορήγηση αναθεώρησης - ενιαίας άδειας ίδρυσης και λειτουργίας μονάδας φροντίδας προσχολικής αγωγής και διαπαιδαγώγησης
τελος_0_5,0.171,0.021,ΤΑΠ - Τέλη Φωτισμού και Καθαριότητας,https://eservices.heraklion.gr/e-services/town-planning/e-tap.html,Αίτηση Τέλεσης Πολιτικού Γάμου μετά την έκδοση των αδειών
ενοικιαση_οστεοφυλακιου,0.182,0.019,Βεβαίωση Μόνιμης Κατοικίας Δημότη Ηρακλείου,https://eservices.heraklion.gr/e-services/municipal-roll/bebeosi-monimis-katoikias-dimoti.html,Μεταδημότευση λόγω διετούς κατοικίας
συμμετοχη_εμποροπανηγυρη,0.186,0.073,Καταγγελία (Λαϊκές αγορές-Πλανόδιο-Υπαίθριο εμπόριο,https://eservices.heraklion.gr/e-services/municipal-police/kataggelia-laikes.html,Σύμφωνο Συμβίωσης (Ν.4356/2015)
μειωση_τελων_λογω_αναπηριας,0.193,0.027,Μεταδημότευση λόγω διετούς κατοικίας,https://eservices.heraklion.gr/e-services/municipal-roll/metadimoteusi-logo-dietous-katikias.html,Μεταδημότευση λόγω αρχικής δημοτικότητας
αδεια_κολυμβητικης_δεξαμενης,0.197,0.046,Απαλλαγή προσαυξήσεων βεβαιωμένης οφειλής,https://eservices.heraklion.gr/e-services/economic-services/apalagi-prosauksisewn.html,Έκδοση δημοτικής ενημερότητας
στεγαστρο_οασα,0.198,0.077,Καταστροφή και απομάκρυνση ζιζανίων,https://eservices.heraklion.gr/e-services/technical-services/katastrofi-kai-apomakrinsi-zizanion.html,Επιστροφή χρημάτων
παλαιοτητα_κτισματος,0.202,0.017,Αίτημα για καθαριότητα κοινόχρηστου χώρου,https://eservices.heraklion.gr/e-services/cleanness/aitima-kathariotita-koinoxristou-xwrou.html,ΤΑΠ - Τέλη Φωτισμού και Καθαριότητας
πληροφοριες_λαικων_αγορων,0.205,0.061,Λαϊκές Αγορές: Ημέρες και οδοί λειτουργίας στον Δήμο Ηρακλείου,https://eservices.heraklion.gr/e-services/laikes-agores/laikes-agores-hrakleiou.html,Καταγγελία (Λαϊκές αγορές-Πλανόδιο-Υπαίθριο εμπόριο
αγωγοι_αποχετευσης,0.210,0.007,Χορήγηση άδειας διέλευσης και στάθμευσης οχήματος σε πεζόδρομους,https://eservices.heraklion.gr/e-services/technical-services/adia-dieleusis-stathmeusis-pezodromous.html,Μονάδες Φροντίδας Προσχολικής Αγωγής & Διαπαιδαγώγησης
αδεια_μικρης_κλιμακας,0.215,0.014,Άδεια Πολιτικού Γάμου για Αλλοδαπούς,https://eservices.heraklion.gr/e-services/civil-marriages/marriage-foreigners.html,Χορήγηση άδειας τοποθέτησης ικριωμάτων
εγγραφη_σημειου_υδροληψιας,0.222,0.003,"Εγγραφή Αλλοδαπών που αποκτούν την Ελληνική Ιθαγένεια με πολιτογράφηση και τέκνων λόγω γέννησης - φοίτησης, φοίτησης",https://eservices.heraklion.gr/e-services/municipal-roll/record-naturalization.html,Διαγραφή οφειλής
νεαανακοινωσεις,0.227,0.030,Παραχώρηση χώρων του Δήμου για εκδηλώσεις,https://eservices.heraklion.gr/e-services/culture/culture1.html,Κατασχέσεις
προεγκριση_αδειας_παιδοτοπου,0.228,0.011,Κατάθεση Δικαιολογητικών Μ.Φ.Π.Α.&Δ. Για την έγκριση πρόσληψης προσωπικού,https://eservices.heraklion.gr/e-services/epidomatikh-politikh/katathesi-dikaiologitika-mfpa.html,Έγκριση από ΣΥ.ΠΟ.Θ.Α. ( για διαφορά ειδικού προστίμου >20% δήλωσης υπαγωγής)
οικοδομησιμοτητα,0.229,0.008,Έκδοση αδειών για οικοδομικές υπηρεσίες - μηνιαίες,https://eservices.heraklion.gr/e-services/build-permits.html,Αντίγραφα στοιχείων οικοδομικών αδειών (έως το έτος 2018)
παλαιοτητα_οδου,0.231,0.069,Αίτημα για καθαριότητα κοινόχρηστου χώρου,https://eservices.heraklion.gr/e-services/cleanness/aitima-kathariotita-koinoxristou-xwrou.html,Γενικό αίτημα καθαριότητας
δημοτολογιο,0.244,0.056,"Αλλαγή στοιχείων τέκνου λόγω υιοθεσίας, αναγνώρισης, πρόσληψης επωνύμου, πατρωνύμου και εγγραφή στα δημοτολόγια (με κωδικούς taxisnet)",https://eservices.heraklion.gr/e-services/municipal-roll/change-personal-data-child-adoption.html,Μεταδημότευση λόγω αρχικής δημοτικότητας
μητρωο_αρρενων,0.256,0.070,Απομάκρυνση εγκαταλελειμμένων ογκωδών αντικειμένων από κοινόχρηστους χώρους,https://eservices.heraklion.gr/e-services/cleanness/apomakr-egkatal-ogkodwn-antikimenwn.html,Απομάκρυνση Εγκαταλελειμμένων Οχημάτων
παλαιοτητα_1955,0.257,0.069,Αίτημα για καθαριότητα κοινόχρηστου χώρου,https://eservices.heraklion.gr/e-services/cleanness/aitima-kathariotita-koinoxristou-xwrou.html,Γενικό αίτημα καθαριότητας
παλαιοτητα_1990,0.257,0.069,Αίτημα για καθαριότητα κοινόχρηστου χώρου,https://eservices.heraklion.gr/e-services/cleanness/aitima-kathariotita-koinoxristou-xwrou.html,Γενικό αίτημα καθαριότητας
χιλιομετρικη_αποσταση,0.259,0.051,Βεβαίωση Υψομέτρου,https://eservices.heraklion.gr/e-services/town-planning/bebeosi-ypsometrou.html,Επισκευή και αντικατάσταση κάδων απορριμάτων
παλαιοτητα_οικοπεδου,0.269,0.073,Καθαρισμός δημοτικών οικοπέδων - Αποψίλωση,https://eservices.heraklion.gr/e-services/cleanness/katharismos-dhmotikon-oikopedon-apopsilosi.html,Αίτημα για καθαριότητα κοινόχρηστου χώρου
μη_οφειλη_ταπ_οικοπεδα,0.270,0.002,Καθαρισμός δημοτικών οικοπέδων - Αποψίλωση,https://eservices.heraklion.gr/e-services/cleanness/katharismos-dhmotikon-oikopedon-apopsilosi.html,Διαγραφή οφειλής
καθρεφτης_ορατοτητας,0.271,0.034,Γενικό αίτημα καθαριότητας,https://eservices.heraklion.gr/e-services/cleanness/geniko-aitima-kathariotitas.html,Τοποθέτηση Πινακίδων Σήμανσης και Καθρεπτών
αδεια_παιδοτοπου,0.273,0.066,Διόρθωση τόπου γέννησης,https://eservices.heraklion.gr/e-services/municipal-roll/diorthosi-topou-gennisis.html,Άδεια Πολιτικού Γάμου για Αλλοδαπούς
ογκοδεματα,0.274,0.022,Καταγγελία για άλλα θέματα,https://eservices.heraklion.gr/e-services/municipal-police/kataggelia-gia-alla-themata.html,Γενική αίτηση για θέματα Κ.Ο.Κ
αιτηση_γενικου_τεχνικου_περιεχομενου,0.279,0.036,Γενικό αίτημα καθαριότητας,https://eservices.heraklion.gr/e-services/cleanness/geniko-aitima-kathariotitas.html,Γενική αίτηση για θέματα Κ.Ο.Κ
μη_οφειλη_ταπ_ακινητα,0.279,0.011,Βεβαίωση ακριβούς διεύθυνσης ακινήτων,https://eservices.heraklion.gr/e-services/technical-services/bebeosi-akribous-dieuthinsis-akinitou.html,Διαγραφή οφειλής
συνδεση_φυσικου_αεριου,0.284,0.040,Αίτηση για Φυσικοθεραπεία,https://eservices.heraklion.gr/e-services/epidomatikh-politikh/aitisi-fysikotherapia.html,Αίτηση για Φυσικοθεραπεία κατ'οίκον
αιτηση_εκταφης,0.297,0.078,Αίτηση επιστροφής πινακίδων,https://eservices.heraklion.gr/e-services/municipal-police/aitisi-epistrofis-pinakidon.html,Αίτηση για Εργοθεραπεία
πρασινο_δενδρα,0.298,0.027,Κλάδεμα δένδρων σε κοινόχρηστους χώρους,https://eservices.heraklion.gr/e-services/technical-services/kladema-dentron-koinoxristous-xorous.html,Απομάκρυνση - κοπή δένδρων σε κοινόχρηστους χώρους
αδεια_οικοδομης,0.302,0.015,Έκδοση αδειών για οικοδομικές υπηρεσίες - μηνιαίες,https://eservices.heraklion.gr/e-services/build-permits.html,Αντίγραφα στοιχείων οικοδομικών αδειών (έως το έτος 2018)
παγκακια,0.303,0.260,"Αιτήματα για Συντήρηση και τοποθέτηση αστικού εξοπλισμού προαυλίων Χώρων σε Σχολεία (παγκάκια ,μπασκέτες ,παιχνίδια )",https://eservices.heraklion.gr/e-services/technical-services/aitimata-sintirisis-topothetisi-astikou-eksoplismou-proaulion-xoron-sxolia.html,Αίτηση μη παράδοσης πινακίδων
αναγγελια_τεχνιτη_ακρων,0.309,0.012,Καταγγελία για άλλα θέματα,https://eservices.heraklion.gr/e-services/municipal-police/kataggelia-gia-alla-themata.html,Καταγγελία δολιοφθορών
διακοπη_παροχης_υδατος,0.310,0.110,Χορήγηση άδειας διακοπής κυκλοφορίας,https://eservices.heraklion.gr/e-services/technical-services/xorigisi-adias-diakopis-kukloforias.html,Αίτηση - ΥΔ για παροχή δωρεάν φαρμακευτικής περίθαλψης σε ανασφάλιστου
τεχνικη_υπηρεσια,0.312,0.127,Έκδοση αδειών για οικοδομικές υπηρεσίες - μηνιαίες,https://eservices.heraklion.gr/e-services/build-permits.html,Διαχείριση Καλλιτεχνικής Δραστηριοτητας εντός της Παλιάς Πόλης
νεα_παροχη_υδρευσης,0.320,0.133,Αίτηση - ΥΔ για παροχή δωρεάν φαρμακευτικής περίθαλψης σε ανασφάλιστου,https://eservices.heraklion.gr/e-services/epidomatikh-politikh/aitisi-yd-paroxi-farmakeu-perithalpsi.html,Χορήγηση άδειας διέλευσης και στάθμευσης οχήματος σε πεζόδρομους
βεβαιωση_εγκαταστασης_καταστηματος,0.320,0.024,Αδειοδότηση Αθλητικών Εγκαταστάσεων,https://eservices.heraklion.gr/e-services/sports/sportslicence.html,Χορήγηση Πιστοποιητικού Οικογενειακής Κατάστασης
ταπ_μη_ηλεκτροδοτουμενα,0.322,0.060,Ηλεκτροδοτήσεις οικιών - καταστημάτων και επανασυνδέσεις ΔΕΗ,https://eservices.heraklion.gr/e-services/ilektr.html,Ηλεκτρονικές Πληρωμές Οφειλών
επικαιροποιηση_στοιχειων_υδροληψιας,0.322,0.014,Αντίγραφα στοιχείων αδειών δόμησης (μετά το έτος 2018),https://eservices.heraklion.gr/e-services/town-planning/antigrafa-stoixeiwn-adeiwn-domisis-meta-2018.html,Αντίγραφα στοιχείων οικοδομικών αδειών (έως το έτος 2018)
εγκριση_συποθα,0.322,0.016,Έγκριση από ΣΥ.ΠΟ.Θ.Α. ( για διαφορά ειδικού προστίμου >20% δήλωσης υπαγωγής),https://eservices.heraklion.gr/e-services/town-planning/egkrish-apo-SYPOTHA.html,Κατάθεση Δικαιολογητικών Μ.Φ.Π.Α.&Δ. Για την έγκριση πρόσληψης προσωπικού
αδεια_μουσικων_ιδρυματων,0.327,0.052,"Αδειοδότηση Ωδείων, Μουσικών Σχολών και Χορωδιών κ.α.",https://eservices.heraklion.gr/e-services/adeia-gia-moysika-idrymata/music.html,Δικαιολογητικά Χορήγησης Άδειας ίδρυσης και λειτουργίας Ιδιωτικών Μουσικών Ιδρυμάτων και Χορωδιών κ.α.
αδεια_καδου_οικοδομικων_υπολειμματων,0.328,0.070,Αντίγραφα στοιχείων οικοδομικών αδειών (έως το έτος 2018),https://eservices.heraklion.gr/e-services/town-planning/antigrafa-stoixeiwn-oikodom-adeiwn-ews-2018.html,Έκδοση αδειών για οικοδομικές υπηρεσίες - μηνιαίες
αντιγραφα_αδειας_πολεοδομιας,0.332,0.028,Αντίγραφα στοιχείων οικοδομικών αδειών (έως το έτος 2018),https://eservices.heraklion.gr/e-services/town-planning/antigrafa-stoixeiwn-oikodom-adeiwn-ews-2018.html,Υποβολή δήλωσης ιδιοκτησίας σε πολεοδομική μελέτη
απαλλαγη_δημοτικων_τελων_covid,0.338,0.049,Απαλλαγή προσαυξήσεων βεβαιωμένης οφειλής,https://eservices.heraklion.gr/e-services/economic-services/apalagi-prosauksisewn.html,Αλλαγή διεύθυνσης
διακοπη_ηλεκτροδοτησης,0.344,0.075,Ηλεκτροδοτήσεις οικιών - καταστημάτων και επανασυνδέσεις ΔΕΗ,https://eservices.heraklion.gr/e-services/ilektr.html,Χορήγηση άδειας διακοπής κυκλοφορίας
ενιαια_αδεια_ιδρυσης_μφπαδ,0.345,0.018,Χορήγηση αναθεώρησης - ενιαίας άδειας ίδρυσης και λειτουργίας μονάδας φροντίδας προσχολικής αγωγής και διαπαιδαγώγησης,https://eservices.heraklion.gr/e-services/epidomatikh-politikh/xorigisi-adeias-idrisis-mfpad.html,Χορήγηση ενιαίας άδειας ίδρυσης-αναθεώρησης και λειτουργίας μονάδας φροντίδας προσχολικής αγωγής και διαπαιδαγώγησης
αιτηση_κιτρινης_διαγραμμισης,0.350,0.195,Διαγραφή οφειλής,https://eservices.heraklion.gr/e-services/economic-services/diagrafi-ofilis.html,"Θέματα Εκθέσεων Αυτοψίας (Ένσταση, Αποδοχή, Διαγραφή, Αναστολή Προστίμου Δήλωση κατεδάφισης)"
βλαβη_αγωγου_υδρευσης,0.359,0.077,Αίτηση για βλάβη στο οδόστρωμα,https://eservices.heraklion.gr/e-services/technical-services/aitisi-gia-blabi-sto-odostroma.html,Δήλωση Βλάβης ΔΕΥΑΗ
βεβαιωση_ορων_δομησης,0.362,0.059,Χορήγηση Βεβαίωσης Χρήσης Γης,https://eservices.heraklion.gr/e-services/town-planning/certification-use-ground.html,Βεβαίωση Υψομέτρου
αδεια_κοινοχρηστου_καδου_οικοδομικων_υπολειμματων,0.363,0.065,"Χορήγηση άδειας χρήσης κοινόχρηστου χώρου για τοποθέτηση κάδου απορριμμάτων σε πεζοδρόμια, πεζόδρομους και πλατείες",https://eservices.heraklion.gr/e-services/technical-services/adia-xrisis-koin-xorou-topothetisi-kadou.html,Αντίγραφα στοιχείων οικοδομικών αδειών (έως το έτος 2018)
αναθεωρηση_αδειας_μφπαδ,0.366,0.037,Χορήγηση αναθεώρησης - ενιαίας άδειας ίδρυσης και λειτουργίας μονάδας φροντίδας προσχολικής αγωγής και διαπαιδαγώγησης,https://eservices.heraklion.gr/e-services/epidomatikh-politikh/xorigisi-adeias-idrisis-mfpad.html,Χορήγηση ενιαίας άδειας ίδρυσης-αναθεώρησης και λειτουργίας μονάδας φροντίδας προσχολικής αγωγής και διαπαιδαγώγησης
ληξιαρχειο,0.370,0.025,Χορήγηση αντιγράφου Ληξιαρχικής Πράξης Γάμου,https://eservices.heraklion.gr/e-services/register/liksiarxiki-praksi-gamou.html,Χορήγηση αντιγράφου Ληξιαρχικής Πράξης Θανάτου
βεβαιωση_αρτιοτητας,0.379,0.021,Βεβαίωση Υψομέτρου,https://eservices.heraklion.gr/e-services/town-planning/bebeosi-ypsometrou.html,Χορήγηση Βεβαίωσης Χρήσης Γης
επικοινωνια,0.381,0.050,Αίτηση για Κοινωνική Εργασία,https://eservices.heraklion.gr/e-services/epidomatikh-politikh/aitisi-koinoniki-ergasia.html,Αίτηση για Κοινωνική Εργασία κατ'οίκον
αδεια_πωλητη_υπαιθριου_εμποριου,0.383,0.180,Καταγγελία (Λαϊκές αγορές-Πλανόδιο-Υπαίθριο εμπόριο,https://eservices.heraklion.gr/e-services/municipal-police/kataggelia-laikes.html,"Συντήρηση Υπαίθριων Χώρων (παιδικές χαρές,πάρκα)"
αλλαγη_στοιχειων_λογαριασμου_υδρευσης,0.385,0.100,Ηλεκτρονική Εξόφληση Λογαριασμού ΔΕΥΑΗ,https://eservices.heraklion.gr/e-services/deyah/deyah-exoflisi.html,Αλλαγή διεύθυνσης
επανασυνδεση_παροχης,0.393,0.194,Ηλεκτροδοτήσεις οικιών - καταστημάτων και επανασυνδέσεις ΔΕΗ,https://eservices.heraklion.gr/e-services/ilektr.html,Αίτηση - ΥΔ για παροχή δωρεάν φαρμακευτικής περίθαλψης σε ανασφάλιστου
ταπ_ηλεκτροδοτηση,0.400,0.128,Ηλεκτροδοτήσεις οικιών - καταστημάτων και επανασυνδέσεις ΔΕΗ,https://eservices.heraklion.gr/e-services/ilektr.html,Ηλεκτρονικές Πληρωμές Οφειλών
βεβαιωση_οφειλων_διας,0.402,0.015,Βεβαίωση περί μη οφειλής εισφοράς σε χρήμα,https://eservices.heraklion.gr/e-services/economic-services/bebeosis-peri-mi-ofilis-isforas-se-xrima.html,"Βεβαίωση περί μη οφειλών (προσκύρωσης, αυθαίρετης κατασκευής, εισφοράς σχεδίου πόλης)"
αναγγελια_κομμωτη,0.409,0.062,Καταγγελία για άλλα θέματα,https://eservices.heraklion.gr/e-services/municipal-police/kataggelia-gia-alla-themata.html,Καταγγελία δολιοφθορών
μεταφορα_οστων,0.410,0.274,"Μετακίνηση, μεταφορά και τοποθέτηση κάδων απορριμάτων και ανακύκλωσης",https://eservices.heraklion.gr/e-services/cleanness/metakinisi-metafora-topothetisi-kadwn.html,Έγκριση από ΣΥ.ΠΟ.Θ.Α. ( για διαφορά ειδικού προστίμου >20% δήλωσης υπαγωγής)
βεβαιωση_δραστηριοποιησης_υπαιθριου,0.414,0.178,Διαδικασία έκδοσης Βεβαίωσης Δραστηριοποίησης Ετήσιας Διάρκειας στις βραχυχρόνιες αγορές,https://eservices.heraklion.gr/e-services/katasthmata/ekdosh-vevaiwshs-drasthriothtas-ethsias-diarkeias.html,Χορήγηση Βεβαίωσης Χρήσης Γης
αδεια_τοποθετηση_περιγραξη_οδοστρωματοσ,0.417,0.054,Αίτηση για βλάβη στο οδόστρωμα,https://eservices.heraklion.gr/e-services/technical-services/aitisi-gia-blabi-sto-odostroma.html,Χορήγηση άδειας τοποθέτησης ικριωμάτων
επεκταση_δικτυου_υδρευσης,0.422,0.222,Βλάβες του δικτύου δημοτικού φωτισμού,https://eservices.heraklion.gr/e-services/technical-services/blabes-diktiou-dimotikou-fotismou.html,Βλάβες αρδευτικών δικτύων
αιτηση_προσωρινης_χρησης_οδοστρωματος_πεζοδρομιου,0.422,0.037,Αίτηση για βλάβη στο οδόστρωμα,https://eservices.heraklion.gr/e-services/technical-services/aitisi-gia-blabi-sto-odostroma.html,Χορήγηση άδειας κατασκευής πεζοδρομίου
ελεγχος_λογαριασμου_υδρευσης,0.425,0.130,Ηλεκτρονική Εξόφληση Λογαριασμού ΔΕΥΑΗ,https://eservices.heraklion.gr/e-services/deyah/deyah-exoflisi.html,Έλεγχος επικινδυνότητας κατασκευών
επισκευη_οδοστρωματος,0.434,0.095,Αίτηση για βλάβη στο οδόστρωμα,https://eservices.heraklion.gr/e-services/technical-services/aitisi-gia-blabi-sto-odostroma.html,Καταγγελίες (Εμπόδια στο οδόστρωμα)
αλλαγη_ιδιοκτησιας_ακινητου,0.437,0.076,Βεβαίωση υποβολής δήλωσης ιδιοκτησίας,https://eservices.heraklion.gr/e-services/town-planning/bebeosis-upobolos-dilosis-idioktisias.html,Υποβολή δήλωσης ιδιοκτησίας σε πολεοδομική μελέτη
εκδοση_πεκ,0.438,0.136,Έκδοση ΠΕΚ (Πιστοποιητικό Ελέγχου Κατασκευής),https://eservices.heraklion.gr/e-services/town-planning/ekdosh-PEK.html,Έκδοση δημοτικής ενημερότητας
αγορα_οικογενειακου_ταφου,0.441,0.002,Αίτηση για Οικογενειακή Βοήθεια κατ'οίκον,https://eservices.heraklion.gr/e-services/epidomatikh-politikh/aitisi-oikogeniaki-boithia-kat-oikon.html,Χορήγηση Πιστοποιητικού Οικογενειακής Κατάστασης
σημανση_οδοστρωματος,0.450,0.100,Αίτηση για βλάβη στο οδόστρωμα,https://eservices.heraklion.gr/e-services/technical-services/aitisi-gia-blabi-sto-odostroma.html,Καταγγελίες (Εμπόδια στο οδόστρωμα)
καταγγελια_παραβιασης_κοκ,0.451,0.052,Καταγγελία για άλλα θέματα,https://eservices.heraklion.gr/e-services/municipal-police/kataggelia-gia-alla-themata.html,Καταγγελία αυθαίρετης κατασκευής
δηλωση_διαζυγιου,0.454,0.130,Άνοιγμα μερίδας δημότη – λόγω διαζυγίου (με διαζύγιο που έχει καταχωρηθεί στην ληξιαρχική πράξη γάμου μέχρι το έτος 2017),https://eservices.heraklion.gr/e-services/municipal-roll/anigma-meridas-dimoti-logo-diazigiou.html,Δήλωση Διαζυγίου (άρθρα 1438 Α.Κ. και 1441 Α.Κ. όπως αντικαταστάθηκε με το άρθρο 4 του ν.4800/21.5.2021 και 14 του ν.344/1976)
αδεια_χρησης_κοινοχρηστου_περιφραξης_οδοστρωματος,0.461,0.136,"Χορήγηση άδειας χρήσης κοινόχρηστου χώρου για τοποθέτηση περίφραξης σε πεζοδρόμια, πεζόδρομους και πλατείες",https://eservices.heraklion.gr/e-services/technical-services/xrisi-koinoxristou-xorou-perifraksi.html,Αίτηση για βλάβη στο οδόστρωμα
καθαρισμος_φρεατιου,0.469,0.009,Καθαρισμός δημοτικών οικοπέδων - Αποψίλωση,https://eservices.heraklion.gr/e-services/cleanness/katharismos-dhmotikon-oikopedon-apopsilosi.html,Αίτημα για οδοκαθαρισμό
καταγγελια_λαικων_αγορων_εμποριου,0.474,0.087,Καταγγελία (Λαϊκές αγορές-Πλανόδιο-Υπαίθριο εμπόριο,https://eservices.heraklion.gr/e-services/municipal-police/kataggelia-laikes.html,Καταγγελία δολιοφθορών
παιδικες_χαρες,0.481,0.348,"Συντήρηση Υπαίθριων Χώρων (παιδικές χαρές,πάρκα)",https://eservices.heraklion.gr/e-services/technical-services/aitimata-syntirisi-ipethrion-xoron.html,Λαϊκές Αγορές: Ημέρες και οδοί λειτουργίας στον Δήμο Ηρακλείου
ετησια_αδεια_κοινοχρηστου_χωρου,0.487,0.039,Αίτημα για καθαριότητα κοινόχρηστου χώρου,https://eservices.heraklion.gr/e-services/cleanness/aitima-kathariotita-koinoxristou-xwrou.html,Έκδοση αδειών κοινόχρηστων χώρων - Ετήσιες
εκτος_σχεδιου,0.490,0.240,Τροποποίηση σχεδίου πόλης,https://eservices.heraklion.gr/e-services/town-planning/tropopoihsi-sxediou-polis.html,"Βεβαίωση περί μη οφειλών (προσκύρωσης, αυθαίρετης κατασκευής, εισφοράς σχεδίου πόλης)"
θεματα_εκθεσεων_αυτοψιας,0.492,0.033,"Θέματα Εκθέσεων Αυτοψίας (Ένσταση, Αποδοχή, Διαγραφή, Αναστολή Προστίμου Δήλωση κατεδάφισης)",https://eservices.heraklion.gr/e-services/town-planning/themata-ekthesewn-autopsias.html,Έκδοση Έκθεσης Αυτοψίας για Νομιμοποίηση
αιτηση_ταφης_σε_οικογενειακο_ταφο,0.498,0.087,Αίτηση για Οικογενειακή Βοήθεια κατ'οίκον,https://eservices.heraklion.gr/e-services/epidomatikh-politikh/aitisi-oikogeniaki-boithia-kat-oikon.html,Χορήγηση Πιστοποιητικού Οικογενειακής Κατάστασης
γενικη_αιτηση_κοκ,0.499,0.056,Γενική αίτηση για θέματα Κ.Ο.Κ,https://eservices.heraklion.gr/e-services/municipal-police/geniki-aitisi-gia-kok.html,Γενική Αίτηση για θέματα Επιδομάτων
δηλωση_γαμου,0.503,0.181,Δήλωση Γάμου (άρθρα 29 & 30 του ν. 344/1976),https://eservices.heraklion.gr/e-services/register/dilosigamou.html,Δήλωση Βλάβης ΔΕΥΑΗ
οικονομικη_ενισχυση_πληγεντεσ,0.510,0.242,Αίτηση χορήγησης οικονομικής ενίσχυσης στους πληγέντες του Δήμου Ηρακλείου για τη φυσική καταστροφή της .../.../20...,https://eservices.heraklion.gr/e-services/epidomatikh-politikh/aitisi-xorigisis-oik-enisx-pligentes-dimou.html,Χορήγηση πιστοποιητικού οικονομικής αδυναμίας
σκιαδιων_περγολα_κοινοχρηστο,0.511,0.263,Αίτηση για κατασκευή σκιαδιών ή πέργολας ή άλλου τέτοιου είδους κατασκευών σε κοινόχρηστο χώρο της Παλαιάς Πόλης,https://eservices.heraklion.gr/e-services/old-city-construct.html,Φύτευση σε κοινόχρηστους χώρους
αιτηση_παραχωρησης_αποκλειστικης_θεσης_σταθμευσης_αμεα,0.515,0.171,Χορήγηση θέσης στάθμευσης για ΑMΕΑ,https://eservices.heraklion.gr/e-services/technical-services/xorigisi-thesis-stathmeusis-AMEA.html,Κατάθεση Ένστασης - Αντίρρησης για παράνομη στάθμευση
μαια,0.522,0.498,Επίσκεψη στη ΜΑΙΑ,https://eservices.heraklion.gr/e-services/iatreio/maia.html,Αίτηση για κατασκευή σκιαδιών ή πέργολας ή άλλου τέτοιου είδους κατασκευών σε κοινόχρηστο χώρο της Παλαιάς Πόλης
αιτηση_χορηγησης_αντιγραφου_ηδη_χορηγηθεισας_βεβαιωσης,0.525,0.074,Χορήγηση Βεβαίωσης Χρήσης Γης,https://eservices.heraklion.gr/e-services/town-planning/certification-use-ground.html,Χορήγηση αντιγράφου Ληξιαρχικής Πράξης Γάμου
ταπ_διορθωση_τετραγωνικων,0.526,0.163,Τροποποίηση τετραγωνικών κοινόχρηστου χώρου,https://eservices.heraklion.gr/e-services/tetragwnika-koinoxrhstou.html,Διόρθωση ηλικίας
αδεσποτα_ζωα,0.528,0.481,Καταγγελία (Ζώα συντροφιάς - αδέσποτα),https://eservices.heraklion.gr/e-services/technical-services/kataggelia-zwa-syntrofias.html,Έκδοση άδειας διοργάνωσης έκθεσης ζώων συντροφιάς
αδεια_πεζοδρομου,0.534,0.001,"Χορήγηση άδειας χρήσης κοινόχρηστου χώρου για τοποθέτηση ικριωμάτων σε πεζοδρόμια, πεζόδρομους και πλατείες",https://eservices.heraklion.gr/e-services/technical-services/adia-koinox-xorou-ikriomata.html,"Χορήγηση άδειας χρήσης κοινόχρηστου χώρου για τοποθέτηση περίφραξης σε πεζοδρόμια, πεζόδρομους και πλατείες"
καταληψη_κοινοχρηστου_χωρου,0.534,0.048,Αίτημα για καθαριότητα κοινόχρηστου χώρου,https://eservices.heraklion.gr/e-services/cleanness/aitima-kathariotita-koinoxristou-xwrou.html,Φύτευση σε κοινόχρηστους χώρους
διευθυνση_οικοπεδου,0.535,0.173,Αλλαγή διεύθυνσης,https://eservices.heraklion.gr/e-services/municipal-roll/allagi-dieuthinsis.html,Βεβαίωση ακριβούς διεύθυνσης ακινήτων
γενικες_υπηρεσιες,0.537,0.375,Έκδοση αδειών για οικοδομικές υπηρεσίες - μηνιαίες,https://eservices.heraklion.gr/e-services/build-permits.html,Γενική αίτηση για θέματα Κ.Ο.Κ
καθαρισμος_οικοπεδου_πυροπροστασια,0.547,0.226,Καθαρισμός δημοτικών οικοπέδων - Αποψίλωση,https://eservices.heraklion.gr/e-services/cleanness/katharismos-dhmotikon-oikopedon-apopsilosi.html,Αίτημα για οδοκαθαρισμό
ενσταση_πολεοδομικης_μελετης,0.561,0.080,Ένσταση (μελέτης κτηματογράφησης ή μελέτης πολεοδόμησης ή τροποποίησης ρυμοτομικού σχεδίου),https://eservices.heraklion.gr/e-services/town-planning/enstasi-meleti-ktimatografisis.html,Υποβολή δήλωσης ιδιοκτησίας σε πολεοδομική μελέτη
μεριδα_δημοτη_διαζυγιου,0.575,0.369,Άνοιγμα μερίδας δημότη – λόγω διαζυγίου (με διαζύγιο που έχει καταχωρηθεί στην ληξιαρχική πράξη γάμου μέχρι το έτος 2017),https://eservices.heraklion.gr/e-services/municipal-roll/anigma-meridas-dimoti-logo-diazigiou.html,Δήλωση Διαζυγίου (άρθρα 1438 Α.Κ. και 1441 Α.Κ. όπως αντικαταστάθηκε με το άρθρο 4 του ν.4800/21.5.2021 και 14 του ν.344/1976)
τοποθετηση_δημοτικου_φωτισμου,0.581,0.110,Βλάβες του δικτύου δημοτικού φωτισμού,https://eservices.heraklion.gr/e-services/technical-services/blabes-diktiou-dimotikou-fotismou.html,Τοποθέτηση Φωτιστικών Σωμάτων
διορθωση_στοιχειων_ληξιαρχικων_πραξεων,0.595,0.190,Διόρθωση στοιχείων ληξιαρχικών πράξεων (αρθ.13 του Ν.344/76 όπως τροποποιήθηκε με το ν. 4674/2020),https://www.heraklion.gr/e-services/register/diorthoseis.html,Μεταβολές Ληξιαρχικών Πράξεων(άρθρο 14 ν. 344/1976)
εγγραφη_αλλοδαπων_ελληνικη_ιθαγενεια,0.595,0.366,"Εγγραφή Αλλοδαπών που αποκτούν την Ελληνική Ιθαγένεια με πολιτογράφηση και τέκνων λόγω γέννησης - φοίτησης, φοίτησης",https://eservices.heraklion.gr/e-services/municipal-roll/record-naturalization.html,Άδεια Πολιτικού Γάμου για Αλλοδαπούς
δηλωση_θανατου,0.599,0.193,Δήλωση Θανάτου (αρθρα 32 & 33 ν.344/1976),https://eservices.heraklion.gr/e-services/register/dilosiuanatou.html,Χορήγηση αντιγράφου Ληξιαρχικής Πράξης Θανάτου
βεβαιωση_κατοικιας,0.600,0.174,Βεβαίωση Μόνιμης Κατοικίας Δημότη Ηρακλείου,https://eservices.heraklion.gr/e-services/municipal-roll/bebeosi-monimis-katoikias-dimoti.html,Μεταδημότευση λόγω διετούς κατοικίας
μεταδημοτευση_συζυγου,0.602,0.092,Μεταδημότευση αγάμου,https://eservices.heraklion.gr/e-services/municipal-roll/metadimotefsi-unmarried.html,Μεταδημότευση της/του συζύγου (λόγω γάμου ή συμφώνου συμβίωσης όταν ένας από τους δύο είναι ήδη δημότης)
φαρμακευτικη_περιθαλψη,0.608,0.449,Αίτηση - ΥΔ για παροχή δωρεάν φαρμακευτικής περίθαλψης σε ανασφάλιστου,https://eservices.heraklion.gr/e-services/epidomatikh-politikh/aitisi-yd-paroxi-farmakeu-perithalpsi.html,Αίτηση για Ιατρονοσηλευτική
πιστοποιητικο_εντοπιοτητας,0.609,0.191,Χορήγηση Πιστοποιητικού Εντοπιότητας (αφορά μόνο εκπαιδευτικούς),https://eservices.heraklion.gr/e-services/municipal-roll/xorogisi-pistop-entopoiotitas.html,Χορήγηση Πιστοποιητικού Γέννησης
δηλωση_συμφωνου_συμβιωσης,0.616,0.045,Χορήγηση αντιγράφου Ληξιαρχικής Πράξης Συμφώνου Συμβίωσης,https://eservices.heraklion.gr/e-services/register/praksi-symfwnou-simbiwsis.html,Σύμφωνο Συμβίωσης (Ν.4356/2015)
κλαδεμα_κοινοχρηστων,0.617,0.210,Κλάδεμα δένδρων σε κοινόχρηστους χώρους,https://eservices.heraklion.gr/e-services/technical-services/kladema-dentron-koinoxristous-xorous.html,Έκδοση αδειών κοινόχρηστων χώρων - Ετήσιες
βεβαιωση_δραστηριοποιησης_βραχυχρονιων_αγορων,0.619,0.411,Διαδικασία έκδοσης Βεβαίωσης Δραστηριοποίησης Ετήσιας Διάρκειας στις βραχυχρόνιες αγορές,https://eservices.heraklion.gr/e-services/katasthmata/ekdosh-vevaiwshs-drasthriothtas-ethsias-diarkeias.html,Χορήγηση Βεβαίωσης Χρήσης Γης
μηνιαια_εκδοση_αδειων_οικοδομικων,0.620,0.175,Έκδοση αδειών για οικοδομικές υπηρεσίες - μηνιαίες,https://eservices.heraklion.gr/e-services/build-permits.html,Αντίγραφα στοιχείων οικοδομικών αδειών (έως το έτος 2018)
καταγγελια_εμποδιων_οδοστρωματος,0.622,0.249,Καταγγελίες (Εμπόδια στο οδόστρωμα),https://eservices.heraklion.gr/e-services/municipal-police/kataggelia-empodia-odostroma.html,Αίτηση για βλάβη στο οδόστρωμα
πλησιεστεροι_συγγενεις,0.629,0.541,Χορήγηση Πιστοποιητικού πλησιέστερων συγγενών,https://eservices.heraklion.gr/e-services/municipal-roll/xorigisi-pistopoitikou-plisiesterwn-suggenon.html,Αίτηση για Οικογενειακή Βοήθεια κατ'οίκον
μετακινηση_τοποθετηση_καδων,0.629,0.335,"Μετακίνηση, μεταφορά και τοποθέτηση κάδων απορριμάτων και ανακύκλωσης",https://eservices.heraklion.gr/e-services/cleanness/metakinisi-metafora-topothetisi-kadwn.html,Τοποθέτηση Φωτιστικών Σωμάτων
βλαβη_φωτεινων_σηματοδοτων,0.633,0.363,Βλάβες σε Φωτεινούς Σηματοδότες,https://eservices.heraklion.gr/e-services/technical-services/blabes-se-fotinous-simatodotes.html,Αίτηση για βλάβη στο οδόστρωμα
βεβαιωση_χαρακτηρισμοσ_κτιριου,0.636,0.413,Βεβαίωση για χαρακτηρισμό κτιρίου (Προτεινόμενου ως διατηρητέου ή μη),https://eservices.heraklion.gr/e-services/building-value.html,Βεβαίωση Υψομέτρου
δηλωση_βαπτισης,0.639,0.410,Δήλωση Βάπτισης (άρθρο 26 & 27 ν.344/1976),https://eservices.heraklion.gr/e-services/register/dilosibaptisi.html,Δήλωση Βλάβης ΔΕΥΑΗ
εγκριση_προσληψης_προσωπικου_μφπαδ,0.640,0.388,Κατάθεση Δικαιολογητικών Μ.Φ.Π.Α.&Δ. Για την έγκριση πρόσληψης προσωπικού,https://eservices.heraklion.gr/e-services/epidomatikh-politikh/katathesi-dikaiologitika-mfpa.html,Έγκριση από ΣΥ.ΠΟ.Θ.Α. ( για διαφορά ειδικού προστίμου >20% δήλωσης υπαγωγής)
αιτημα_παραχωρηση_εξοπλισμου_εκδηλωσεων,0.643,0.095,"Αιτήματα για παραχώρηση εξοπλισμού για εκδηλώσεις (τραπέζια ,καρέκλες )",https://eservices.heraklion.gr/e-services/technical-services/aitimata-paraxorisis-eksoplismou-ekdilosis.html,Παραχώρηση χώρων του Δήμου για εκδηλώσεις
τελη_καθαριοτητας_κοιμητηριων,0.653,0.128,ΤΑΠ - Τέλη Φωτισμού και Καθαριότητας,https://eservices.heraklion.gr/e-services/town-planning/e-tap.html,Γενικό αίτημα καθαριότητας
επιδοματα,0.655,0.536,Γενική Αίτηση για θέματα Επιδομάτων,https://eservices.heraklion.gr/e-services/epidomatikh-politikh/geniki-aitisi.html,Καταγγελία για άλλα θέματα
σημα_σταθμευσης_κατοικου,0.659,0.222,Αίτηση για διάθεση σήματος στάθμευσης μονίμου κατοίκου,https://eservices.heraklion.gr/e-services/technical-services/parking-signal.html,Χορήγηση θέσης στάθμευσης για ΑMΕΑ
καταγγελια_εγκαταλελειμμενων_κτιριων,0.661,0.113,Καταγγελίες (Εγκαταλελειμμένα κτίρια),https://eservices.heraklion.gr/e-services/municipal-police/kataggelia-ktiria.html,Απομάκρυνση Εγκαταλελειμμένων Οχημάτων
φυτουγεια,0.662,0.562,Προβλήματα φυτοϋγείας,https://eservices.heraklion.gr/e-services/technical-services/problimata-fitoigias.html,Φύτευση σε κοινόχρηστους χώρους
μεταδημοτευση_εκλογεσ,0.666,0.007,Μεταδημότευση λόγω υποψηφιότητας σε εκλογές,https://eservices.heraklion.gr/e-services/municipal-roll/metadimoteusi-logo-ipopsifiotitas-ekloges.html,Μεταδημότευση αγάμου
τελεση_πολιτικου_γαμου,0.666,0.118,Αίτηση Τέλεσης Πολιτικού Γάμου μετά την έκδοση των αδειών,https://eservices.heraklion.gr/e-services/civil-marriages/marriage.html,Άδεια Πολιτικού Γάμου για Έλληνες Πολίτες
συντηρηση_υπαιθριων_χωρων,0.669,0.375,"Συντήρηση Υπαίθριων Χώρων (παιδικές χαρές,πάρκα)",https://eservices.heraklion.gr/e-services/technical-services/aitimata-syntirisi-ipethrion-xoron.html,Καλλωπισμός - Γενική συντήρηση σε κοινόχρηστους χώρους
ηλεκτροδοτηση_οικιων_καταστηματων,0.675,0.462,Ηλεκτροδοτήσεις οικιών - καταστημάτων και επανασυνδέσεις ΔΕΗ,https://eservices.heraklion.gr/e-services/ilektr.html,Ηλεκτρονικές Πληρωμές Οφειλών
ενσταση_παρανομης_σταθμευσης,0.679,0.296,Κατάθεση Ένστασης - Αντίρρησης για παράνομη στάθμευση,https://eservices.heraklion.gr/e-services/municipal-police/katathesi-enstasis-antirisis-gia-paranomi-stathmeusi.html,Χορήγηση θέσης στάθμευσης για ΑMΕΑ
βεβαιωση_οριων_ιδιοκτησιας,0.684,0.276,Βεβαίωση υποβολής δήλωσης ιδιοκτησίας,https://eservices.heraklion.gr/e-services/town-planning/bebeosis-upobolos-dilosis-idioktisias.html,Υποβολή δήλωσης ιδιοκτησίας σε πολεοδομική μελέτη
βεβαιωση_μη_οφειλων_προσκυρωσης_αυθαιρετου_εισφορας,0.685,0.143,"Βεβαίωση περί μη οφειλών (προσκύρωσης, αυθαίρετης κατασκευής, εισφοράς σχεδίου πόλης)",https://eservices.heraklion.gr/e-services/economic-services/peri-mi-ofeilwn.html,"Βεβαίωση πληρωμών (προσκύρωσης, εισφοράς σχεδίου πόλης, προστίμου αυθαίρετης κατασκευής)"
φυτευση_κοινοχρηστων,0.687,0.262,Φύτευση σε κοινόχρηστους χώρους,https://eservices.heraklion.gr/e-services/technical-services/fiteusi-se-koinoxristo-xoro.html,Έκδοση αδειών κοινόχρηστων χώρων - Ετήσιες
αιτηση_βλαβης_οδοστρωματος,0.705,0.331,Αίτηση για βλάβη στο οδόστρωμα,https://eservices.heraklion.gr/e-services/technical-services/aitisi-gia-blabi-sto-odostroma.html,Δήλωση Βλάβης ΔΕΥΑΗ
ασφαλτοστρωση_οδου,0.710,0.532,Αίτηση για ασφαλτόστρωση - τσιμεντόστρωση - διάστρωση 3α,https://eservices.heraklion.gr/e-services/technical-services/aitisi-gia-asfaltostrosi.html,Ασφαλιστική ενημερότητα του Δήμου
αδεια_οριζοντιας_σημανσης_εισοδου_εξοδου,0.716,0.457,Χορήγηση άδειας οριζόντιας σήμανσης της εισόδου-εξόδου ιδιωτικού χώρου στάθμευσης,https://eservices.heraklion.gr/e-services/technical-services/parking.html,Χορήγηση βεβαίωσης σήμανσης οδών
δηλωση_ονοματοδοσιας,0.724,0.417,Δήλωση Ονοματοδοσίας (άρθρο 25 ν. 344/1976),https://eservices.heraklion.gr/e-services/register/dilosionomatodosia.html,Διόρθωση κυρίου ονόματος
μοναδες_προσχολικης_αγωγης,0.732,0.289,Μονάδες Φροντίδας Προσχολικής Αγωγής & Διαπαιδαγώγησης,https://eservices.heraklion.gr/e-services/idiwtikoi-paidikoi-stathmoi.html,Χορήγηση αναθεώρησης - ενιαίας άδειας ίδρυσης και λειτουργίας μονάδας φροντίδας προσχολικής αγωγής και διαπαιδαγώγησης
καλλωπισμοσ_συντηρηση_κοινοχρηστων,0.739,0.416,Καλλωπισμός - Γενική συντήρηση σε κοινόχρηστους χώρους,https://eservices.heraklion.gr/e-services/technical-services/kalopismos-gen-syntirisi-koinoxristo-xoro.html,Έκδοση αδειών κοινόχρηστων χώρων - Ετήσιες
μεταδημοτευση_διετουσ,0.741,0.082,Μεταδημότευση λόγω διετούς κατοικίας,https://eservices.heraklion.gr/e-services/municipal-roll/metadimoteusi-logo-dietous-katikias.html,Μεταδημότευση αγάμου
διορθωση_ονοματοσ,0.749,0.242,Διόρθωση κυρίου ονόματος,https://eservices.heraklion.gr/e-services/municipal-roll/diorthosi-kiriou-onomatos.html,Διόρθωση ηλικίας
βεβαιωση_πληρωμων_προσκυρωσης_εισφορας_προστιμου_αυθαιρετου,0.750,0.258,"Βεβαίωση πληρωμών (προσκύρωσης, εισφοράς σχεδίου πόλης, προστίμου αυθαίρετης κατασκευής)",https://eservices.heraklion.gr/e-services/economic-services/bebeosi-plhromon.html,"Βεβαίωση περί μη οφειλών (προσκύρωσης, αυθαίρετης κατασκευής, εισφοράς σχεδίου πόλης)"
αντιγραφα_αδειων_δομησης_μετα_2018,0.750,0.279,Αντίγραφα στοιχείων αδειών δόμησης (μετά το έτος 2018),https://eservices.heraklion.gr/e-services/town-planning/antigrafa-stoixeiwn-adeiwn-domisis-meta-2018.html,Αντίγραφα στοιχείων οικοδομικών αδειών (έως το έτος 2018)
αδεια_εκθεσης_ζωων_συντροφιας,0.750,0.367,Έκδοση άδειας διοργάνωσης έκθεσης ζώων συντροφιάς,https://eservices.heraklion.gr/e-services/katasthmata/ekthesh-zwwn.html,Καταγγελία (Ζώα συντροφιάς - αδέσποτα)
υψομετρο,0.754,0.716,Βεβαίωση Υψομέτρου,https://eservices.heraklion.gr/e-services/town-planning/bebeosi-ypsometrou.html,Τροποποίηση τετραγωνικών κοινόχρηστου χώρου
μυοκτονια_κοινοχρηστων,0.759,0.394,Μυοκτονία σε κοινόχρηστους χώρους,https://eservices.heraklion.gr/e-services/technical-services/mioktonia-koinoxristo-xoro.html,Έκδοση αδειών κοινόχρηστων χώρων - Ετήσιες
απεντομωση_κοινοχρηστων,0.763,0.399,Απεντόμωση σε κοινόχρηστους χώρους,https://eservices.heraklion.gr/e-services/technical-services/apentomosi-koinoxristo-xoro.html,Έκδοση αδειών κοινόχρηστων χώρων - Ετήσιες
αιτημα_κυκλοφοριακων_ρυθμισεων,0.766,0.381,Αιτήματα για κυκλοφοριακές ρυθμίσεις,https://eservices.heraklion.gr/e-services/technical-services/aitima-kukloforiakes-ruthmiseis.html,Χορήγηση άδειας διακοπής κυκλοφορίας
αιτηση_ιατρονοσηλευτικης_φροντιδας_καπη,0.770,0.103,Αίτηση για Ιατρονοσηλευτική,https://eservices.heraklion.gr/e-services/epidomatikh-politikh/aitisi-iatronosileutiki.html,Αίτηση για Ιατρονοσηλευτική κατ'οίκον
ενσταση_προστιμου_καθαριοτητας,0.778,0.307,Κατάθεση ένστασης για πρόστιμο καθαριότητας,https://eservices.heraklion.gr/e-services/cleanness/katathesi-enstasis-prostimo-kathariotitas.html,Γενικό αίτημα καθαριότητας
αντιγραφα_φακελου_αυθαιρετου,0.782,0.518,Αντίγραφα φακέλου καταγεγραμμένου αυθαιρέτου,https://eservices.heraklion.gr/e-services/town-planning/antigrafo-fakelou-katagegramenou-aftheretou.html,Καταγγελία αυθαίρετης κατασκευής
κατασχεσεις_οφειλων,0.790,0.502,Κατασχέσεις,https://eservices.heraklion.gr/e-services/economic-services/katasxesis.html,Ηλεκτρονικές Πληρωμές Οφειλών
εκδοση_αυτοψιασ_νομμιμοποιηση,0.792,0.601,Έκδοση Έκθεσης Αυτοψίας για Νομιμοποίηση,https://eservices.heraklion.gr/e-services/town-planning/ekdosh-ekthesis-autopsias-nomimopoihsi.html,Τροποποίηση σχεδίου πόλης
αιτημα_τροποποιησησ_αυτοδικαιησ_αρσησ_ρυμοτομικησ_απαλλοτριωσησ,0.797,0.514,Αίτημα τροποποίησης λόγω αυτοδίκαιης άρσης ρυμοτομικής απαλλοτρίωσης/δέσμευσης,https://eservices.heraklion.gr/e-services/town-planning/aitima-tropopoihsis-logo-aytodikaihs-arsis-rumotomikis-apallotriosis.html,Τροποποίηση σχεδίου πόλης
καταστροφη_ζιζανιων,0.800,0.537,Καταστροφή και απομάκρυνση ζιζανίων,https://eservices.heraklion.gr/e-services/technical-services/katastrofi-kai-apomakrinsi-zizanion.html,Επιστροφή χρημάτων
διαχειριση_καλλιτεχνικησ_δραστηριοτητασ,0.818,0.641,Διαχείριση Καλλιτεχνικής Δραστηριοτητας εντός της Παλιάς Πόλης,https://eservices.heraklion.gr/e-services/street-musicians.html,Διαδικασία έκδοσης Βεβαίωσης Δραστηριοποίησης Ετήσιας Διάρκειας στις βραχυχρόνιες αγορές
αδεια_κατασκευησ_πεζοδρομιου,0.835,0.384,Χορήγηση άδειας κατασκευής πεζοδρομίου,https://eservices.heraklion.gr/e-services/technical-services/xorigisi-adias-kataskeuis-pezodromiou.html,Χορήγηση άδειας βύθισης ή υποβιβασμού πεζοδρομίου
μεταδημοτευση_δημοτικοτητασ,0.838,0.213,Μεταδημότευση λόγω αρχικής δημοτικότητας,https://eservices.heraklion.gr/e-services/municipal-roll/metadimoteusi-logo-arxis-dimotikotitas.html,Μεταδημότευση αγάμου
βεβαιωση_χρησης_γης,0.838,0.491,Χορήγηση Βεβαίωσης Χρήσης Γης,https://eservices.heraklion.gr/e-services/town-planning/certification-use-ground.html,Βεβαίωση Υψομέτρου
διορθωση_γεννησησ,0.839,0.305,Διόρθωση τόπου γέννησης,https://eservices.heraklion.gr/e-services/municipal-roll/diorthosi-topou-gennisis.html,Διόρθωση ηλικίας
πιστοποιητικο_γεννησης,0.849,0.429,Χορήγηση Πιστοποιητικού Γέννησης,https://eservices.heraklion.gr/e-services/municipal-roll/xorigisi-pistopoiitikou-genisis.html,Πιστοποιητικό Ταυτοπροσωπίας Ανηλίκων
επιστροφη_πινακιδων,0.850,0.322,Αίτηση επιστροφής πινακίδων,https://eservices.heraklion.gr/e-services/municipal-police/aitisi-epistrofis-pinakidon.html,Επιστροφή χρημάτων
πιστοποιητικο_οικονομικησ_αδυναμιασ,0.855,0.484,Χορήγηση πιστοποιητικού οικονομικής αδυναμίας,https://eservices.heraklion.gr/e-services/epidomatikh-politikh/xorigisi-pistop-oik-adinamias.html,Χορήγηση Πιστοποιητικού Γέννησης
διακανονισμος_οφειλης_νομικου_προσωπου,0.862,0.125,Διακανονισμός οφειλής (Για νομικό πρόσωπο),https://eservices.heraklion.gr/e-services/economic-services/diakanonismos-ofilis-nomiko.html,Διακανονισμός οφειλής (Για φυσικό πρόσωπο)
διακανονισμος_οφειλης_φυσικου_προσωπου,0.869,0.126,Διακανονισμός οφειλής (Για φυσικό πρόσωπο),https://eservices.heraklion.gr/e-services/economic-services/diakanonismos-ofilis.html,Διακανονισμός οφειλής (Για νομικό πρόσωπο)
βεβαιωση_παρακρατησης_φορου_προμηθευτων,0.877,0.646,Βεβαίωση παρακράτησης φόρου (για προμηθευτές),https://eservices.heraklion.gr/e-services/economic-services/bebeosi-parakratisis-forou.html,Χορήγηση Βεβαίωσης Χρήσης Γης
πιστοποιητικο_ταυτοπροσωπιασ_ενηλικων,0.878,0.012,Πιστοποιητικό Ταυτοπροσωπίας Ανηλίκων,https://eservices.heraklion.gr/e-services/municipal-roll/certrification-of-identity.html,Πιστοποιητικό Ταυτοπροσωπίας για Ενήλικα
δημοτικη_ενημεροτητα_βεβαιωμενων_χρεων,0.879,0.311,Έκδοση Δημοτικής Ενημερότητας Βεβαιωμένων Χρεών,https://eservices.heraklion.gr/e-services/economic-services/ekdosi-dimotikis-enimerotitas-bebeomenon-xreon.html,Έκδοση δημοτικής ενημερότητας
καταπολεμηση_πιτυοκαμπησ,0.879,0.823,Αίτημα καταπολέμησης πιτυοκάμπης,https://eservices.heraklion.gr/e-services/technical-services/aitima-katapolemisis-pitiokampis.html,Καταγγελία αυθαίρετης κατασκευής
υποολη_δηλωσησ_ιδιοκτησιασ_πολεοδομικη_μελετη,0.880,0.423,Υποβολή δήλωσης ιδιοκτησίας σε πολεοδομική μελέτη,https://eservices.heraklion.gr/e-services/town-planning/upoboli-dilosis-idioktisias-poleodomiki-meleti-.html,Βεβαίωση υποβολής δήλωσης ιδιοκτησίας
χορηγηση_αντιγραφου_ληξιαρχικης_πραξης_γεννησης,0.880,0.033,Χορήγηση αντιγράφου Ληξιαρχικής Πράξης Γεννήσεως,https://eservices.heraklion.gr/e-services/register/liksiarxikis-praksis-genisis.html,Χορήγηση αντιγράφου Ληξιαρχικής Πράξης Γάμου
αιτηση_ασφαλτοστρωσης_τσιμεντοστρωσης_διαστρωσης_3α,0.885,0.697,Αίτηση για ασφαλτόστρωση - τσιμεντόστρωση - διάστρωση 3α,https://eservices.heraklion.gr/e-services/technical-services/aitisi-gia-asfaltostrosi.html,Αίτηση για βλάβη στο οδόστρωμα
δικαιολογητικα_ανελκυστηρων,0.890,0.593,Δικαιολογητικά ανελκυστήρων για καταχώρηση,https://eservices.heraklion.gr/e-services/technical-services/TEXNIKHANELKISTIRAS.html,Δικαιολογητικά Χορήγησης Άδειας ίδρυσης και λειτουργίας Ιδιωτικών Μουσικών Ιδρυμάτων και Χορωδιών κ.α.
αδεια_τοποθετησης_ικριωματων,0.890,0.418,Χορήγηση άδειας τοποθέτησης ικριωμάτων,https://eservices.heraklion.gr/e-services/technical-services/xorigisi-adias-topothetisis-ikriomaton.html,"Χορήγηση άδειας χρήσης κοινόχρηστου χώρου για τοποθέτηση ικριωμάτων σε πεζοδρόμια, πεζόδρομους και πλατείες"
αδειοδοτηση_ωδειων_μουσικων_σχολων_χορωδιων,0.897,0.560,"Αδειοδότηση Ωδείων, Μουσικών Σχολών και Χορωδιών κ.α.",https://eservices.heraklion.gr/e-services/adeia-gia-moysika-idrymata/music.html,Δικαιολογητικά Χορήγησης Άδειας ίδρυσης και λειτουργίας Ιδιωτικών Μουσικών Ιδρυμάτων και Χορωδιών κ.α.
αιτημα_οδοκαθαρισμου,0.901,0.543,Αίτημα για οδοκαθαρισμό,https://eservices.heraklion.gr/e-services/cleanness/aitima-odokathrismos.html,Γενικό αίτημα καθαριότητας
αδεια_βυθισησ_υποβιβασμου_πεζοδρομιου,0.906,0.480,Χορήγηση άδειας βύθισης ή υποβιβασμού πεζοδρομίου,https://eservices.heraklion.gr/e-services/technical-services/xorogisi-adias-bithisis.html,Χορήγηση άδειας κατασκευής πεζοδρομίου
καθαριοτητα_κοινοχρηστου_χωρου,0.906,0.462,Αίτημα για καθαριότητα κοινόχρηστου χώρου,https://eservices.heraklion.gr/e-services/cleanness/aitima-kathariotita-koinoxristou-xwrou.html,Γενικό αίτημα καθαριότητας
καταγγελια_αυθαιρετησ_κατασκευησ,0.909,0.489,Καταγγελία αυθαίρετης κατασκευής,https://eservices.heraklion.gr/e-services/town-planning/kataggelia-autheretis-kataskeuis.html,Καταγγελία για άλλα θέματα
αδεια_διακοπης_κυκλοφοριας,0.910,0.537,Χορήγηση άδειας διακοπής κυκλοφορίας,https://eservices.heraklion.gr/e-services/technical-services/xorigisi-adias-diakopis-kukloforias.html,Αιτήματα για κυκλοφοριακές ρυθμίσεις
αδεια_διελευσης_βαρεων_οχηματων,0.911,0.422,Χορήγηση άδειας διέλευσης βαρέων οχημάτων,https://eservices.heraklion.gr/e-services/technical-services/xorigisi-adias-dieleusis-bareon-oximaton.html,Χορήγηση άδειας διέλευσης και στάθμευσης οχήματος σε πεζόδρομους
παραχωρηση_χωρων_δημου_εκδηλωσεισ,0.919,0.472,Παραχώρηση χώρων του Δήμου για εκδηλώσεις,https://eservices.heraklion.gr/e-services/culture/culture1.html,"Αιτήματα για παραχώρηση εξοπλισμού για εκδηλώσεις (τραπέζια ,καρέκλες )"
πιστοποιητικο_οικογενειακης_καταστασης,0.921,0.508,Χορήγηση Πιστοποιητικού Οικογενειακής Κατάστασης,https://eservices.heraklion.gr/e-services/municipal-roll/xorigisi-pistopoiitikou-oikog-katastasis.html,Αίτηση για Οικογενειακή Βοήθεια κατ'οίκον
διορθωση_ηλικιασ,0.922,0.454,Διόρθωση ηλικίας,https://eservices.heraklion.gr/e-services/municipal-roll/diorthosi-ilikias.html,Διόρθωση τόπου γέννησης
αιτηση_εργοθεραπειας,0.923,0.162,Αίτηση για Εργοθεραπεία,https://eservices.heraklion.gr/e-services/epidomatikh-politikh/aitisi-ergotherapia.html,Αίτηση για Εργοθεραπεία κατ'οίκον
ελεγχοσ_επικινδυνοτητασ_κατασκευων,0.931,0.637,Έλεγχος επικινδυνότητας κατασκευών,https://eservices.heraklion.gr/e-services/town-planning/elegxos-epikindinotitas-kataskeuwn.html,Έκδοση ΠΕΚ (Πιστοποιητικό Ελέγχου Κατασκευής)
βεβαιωση_μη_οφειλης_εισφορας_σε_χρημα,0.935,0.528,Βεβαίωση περί μη οφειλής εισφοράς σε χρήμα,https://eservices.heraklion.gr/e-services/economic-services/bebeosis-peri-mi-ofilis-isforas-se-xrima.html,"Βεβαίωση περί μη οφειλών (προσκύρωσης, αυθαίρετης κατασκευής, εισφοράς σχεδίου πόλης)"
αλλαγη_διευθυνσησ,0.955,0.569,Αλλαγή διεύθυνσης,https://eservices.heraklion.gr/e-services/municipal-roll/allagi-dieuthinsis.html,Βεβαίωση ακριβούς διεύθυνσης ακινήτων
τροποποιηση_τετραγωνικων_κοινοχρηστου,0.962,0.586,Τροποποίηση τετραγωνικών κοινόχρηστου χώρου,https://eservices.heraklion.gr/e-services/tetragwnika-koinoxrhstou.html,Τροποποίηση σχεδίου πόλης
πιστοποιητικο_ταυτοπροσωπιασ_ανηλικων,0.965,0.184,Πιστοποιητικό Ταυτοπροσωπίας Ανηλίκων,https://eservices.heraklion.gr/e-services/municipal-roll/certrification-of-identity.html,Πιστοποιητικό Ταυτοπροσωπίας για Ενήλικα
ταπ_τελη_φωτισμου_καθαριοτητας,0.977,0.525,ΤΑΠ - Τέλη Φωτισμού και Καθαριότητας,https://eservices.heraklion.gr/e-services/town-planning/e-tap.html,Γενικό αίτημα καθαριότητας
ασφαλιστικη_ενημεροτητα_δημου,0.978,0.478,Ασφαλιστική ενημερότητα του Δήμου,https://eservices.heraklion.gr/e-services/economic-services/asfalistiki-enimerotita-dimou.html,Έκδοση δημοτικής ενημερότητας
παραβασεις_κοκ_προστιμα,0.978,0.590,Παραβάσεις ΚΟΚ και πρόστιμα,https://eservices.heraklion.gr/e-services/economic-services/kok-violations.html,Καταγγελίες (Παραβάσεις Κ.Ο.Κ.)
βλαβες_δικτυου_δημοτικου_φωτισμου,0.979,0.613,Βλάβες του δικτύου δημοτικού φωτισμού,https://eservices.heraklion.gr/e-services/technical-services/blabes-diktiou-dimotikou-fotismou.html,Βλάβες αρδευτικών δικτύων
καταγγελια_αλλα_θεματα,0.981,0.587,Καταγγελία για άλλα θέματα,https://eservices.heraklion.gr/e-services/municipal-police/kataggelia-gia-alla-themata.html,Καταγγελία αυθαίρετης κατασκευής
τοποθετηση_φωτιστικων_σωματων,1.000,0.592,Τοποθέτηση Φωτιστικών Σωμάτων,https://eservices.heraklion.gr/e-services/technical-services/topothetisi-fotistikon-somaton.html,Χορήγηση άδειας τοποθέτησης ικριωμάτων
εκτελεση_εργων_οδοποιιας,1.000,0.852,Εκτέλεση έργων Οδοποιίας,https://eservices.heraklion.gr/e-services/technical-services/street-build.html,Αίτηση Τέλεσης Πολιτικού Γάμου μετά την έκδοση των αδειών
απαλλαγη_προσαυξησεων_βεβαιωμενης_οφειλης,1.000,0.753,Απαλλαγή προσαυξήσεων βεβαιωμένης οφειλής,https://eservices.heraklion.gr/e-services/economic-services/apalagi-prosauksisewn.html,Βεβαίωση περί μη οφειλής εισφοράς σε χρήμα
χορηγηση_αντιγραφου_ληξιαρχικης_πραξης_γαμου,1.000,0.171,Χορήγηση αντιγράφου Ληξιαρχικής Πράξης Γάμου,https://eservices.heraklion.gr/e-services/register/liksiarxiki-praksi-gamou.html,Χορήγηση αντιγράφου Ληξιαρχικής Πράξης Θανάτου
μεταδημοτευση_αγαμου,1.000,0.472,Μεταδημότευση αγάμου,https://eservices.heraklion.gr/e-services/municipal-roll/metadimotefsi-unmarried.html,Μεταδημότευση λόγω αρχικής δημοτικότητας
τροποποιηση_σχεδιου_πολης,1.000,0.637,Τροποποίηση σχεδίου πόλης,https://eservices.heraklion.gr/e-services/town-planning/tropopoihsi-sxediou-polis.html,Τροποποίηση τετραγωνικών κοινόχρηστου χώρου
χορηγηση_αντιγραφου_ληξιαρχικης_πραξης_θανατου,1.000,0.171,Χορήγηση αντιγράφου Ληξιαρχικής Πράξης Θανάτου,https://eservices.heraklion.gr/e-services/register/liksiarxiki-praksi-thanatou.html,Χορήγηση αντιγράφου Ληξιαρχικής Πράξης Γάμου
καταγγελια_δολιοφθορων,1.000,0.630,Καταγγελία δολιοφθορών,https://eservices.heraklion.gr/e-services/technical-services/kataggelia-doliofthoras.html,Καταγγελία για άλλα θέματα
σπασμενα_κλαδια_δεντρου,1.000,0.842,Σπασμένα κλαδιά δέντρου,https://eservices.heraklion.gr/e-services/technical-services/spasmena-kladia-dentrou.html,Κλάδεμα δένδρων σε κοινόχρηστους χώρους
χορηγηση_βεβαιωσης_σημανσης_οδων,1.000,0.463,Χορήγηση βεβαίωσης σήμανσης οδών,https://eservices.heraklion.gr/e-services/technical-services/xorigisi-bebeosis-simansis-odon.html,Χορήγηση Βεβαίωσης Χρήσης Γης
επιστροφη_χρηματων,1.000,0.585,Επιστροφή χρημάτων,https://eservices.heraklion.gr/e-services/economic-services/epistrofi-xrimatwn.html,Αίτηση επιστροφής πινακίδων
διαγραφη_οφειλης,1.000,0.713,Διαγραφή οφειλής,https://eservices.heraklion.gr/e-services/economic-services/diagrafi-ofilis.html,Βεβαίωση περί μη οφειλής εισφοράς σε χρήμα
αδειοδοτηση_αθλητικων_εγκαταστασεων,1.000,0.714,Αδειοδότηση Αθλητικών Εγκαταστάσεων,https://eservices.heraklion.gr/e-services/sports/sportslicence.html,"Αδειοδότηση Ωδείων, Μουσικών Σχολών και Χορωδιών κ.α."
ονομασια_ανωνυμων_οδων,1.000,0.832,Ονομασία ανώνυμων οδών,https://eservices.heraklion.gr/e-services/technical-services/onomasia-anonimon-odon.html,Χορήγηση βεβαίωσης σήμανσης οδών
απολυμανση_κτιριων,1.000,0.859,Απολύμανση κτιρίων,https://eservices.heraklion.gr/e-services/technical-services/apolimansi-ktirion.html,Καταγγελίες (Εγκαταλελειμμένα κτίρια)
τοποθετηση_πινακιδων_σημανσης_και_καθρεπτων,1.000,0.629,Τοποθέτηση Πινακίδων Σήμανσης και Καθρεπτών,https://eservices.heraklion.gr/e-services/technical-services/topothetisipinakidon-simansis-kaurepton.html,Αίτηση μη παράδοσης πινακίδων
εκδοση_δημοτικης_ενημεροτητας,1.000,0.238,Έκδοση δημοτικής ενημερότητας,https://eservices.heraklion.gr/e-services/economic-services/ekdosi-dhm-enhmerotitas.html,Έκδοση Δημοτικής Ενημερότητας Βεβαιωμένων Χρεών
απομακρυνση_εγκαταλελειμμενων_οχηματων,1.000,0.348,Απομάκρυνση Εγκαταλελειμμένων Οχημάτων,https://eservices.heraklion.gr/e-services/municipal-police/egkatalelimena-oximata.html,Απομάκρυνση εγκαταλελειμμένων ογκωδών αντικειμένων από κοινόχρηστους χώρους
βλαβες_αρδευτικων_δικτυων,1.000,0.644,Βλάβες αρδευτικών δικτύων,https://eservices.heraklion.gr/e-services/technical-services/blabes-ardeutikou-diktiou.html,Βλάβες του δικτύου δημοτικού φωτισμού
ηλεκτρονικες_πληρωμες_οφειλων,1.000,0.721,Ηλεκτρονικές Πληρωμές Οφειλών,https://eservices.heraklion.gr/e-services/e-pay/e-pay.html,Ηλεκτρονική Εξόφληση Λογαριασμού ΔΕΥΑΗ
ηλεκτρονικη_εξοφληση_λογαριασμου_δευαη,1.000,0.721,Ηλεκτρονική Εξόφληση Λογαριασμού ΔΕΥΑΗ,https://eservices.heraklion.gr/e-services/deyah/deyah-exoflisi.html,Ηλεκτρονικές Πληρωμές Οφειλών
