intent,status,title,url,tfidf_score,tfidf_proposal,tfidf_alt,note,department
αγωγοι_αποχετευσης,proposed,Δήλωση Βλάβης ΔΕΥΑΗ,https://eservices.heraklion.gr/e-services/deyah/deyah-blabi.html,0.210,Χορήγηση άδειας διέλευσης και στάθμευσης οχήματος σε πεζόδρομους,Μονάδες Φροντίδας Προσχολικής Αγωγής & Διαπαιδαγώγησης,medium — η αποχέτευση είναι ΔΕΥΑΗ,
αδεια_οικοδομης,proposed,Έκδοση αδειών για οικοδομικές υπηρεσίες - μηνιαίες,https://eservices.heraklion.gr/e-services/build-permits.html,0.302,Έκδοση αδειών για οικοδομικές υπηρεσίες - μηνιαίες,Αντίγραφα στοιχείων οικοδομικών αδειών (έως το έτος 2018),"medium — «μηνιαίες» μοιάζει με δημοσίευση, όχι αίτηση",
αδεια_παραγωγου_αγροτη,proposed,Διαδικασία έκδοσης Βεβαίωσης Δραστηριοποίησης Ετήσιας Διάρκειας στις βραχυχρόνιες αγορές,https://eservices.heraklion.gr/e-services/katasthmata/ekdosh-vevaiwshs-drasthriothtas-ethsias-diarkeias.html,0.159,Άδεια Πολιτικού Γάμου για Αλλοδαπούς,Άδεια Πολιτικού Γάμου για Έλληνες Πολίτες,medium — ο αγρότης-παραγωγός ίσως έχει άλλη διαδικασία,
αδεια_πωλητη_υπαιθριου_εμποριου,proposed,Διαδικασία έκδοσης Βεβαίωσης Δραστηριοποίησης Ετήσιας Διάρκειας στις βραχυχρόνιες αγορές,https://eservices.heraklion.gr/e-services/katasthmata/ekdosh-vevaiwshs-drasthriothtas-ethsias-diarkeias.html,0.383,Καταγγελία (Λαϊκές αγορές-Πλανόδιο-Υπαίθριο εμπόριο,"Συντήρηση Υπαίθριων Χώρων (παιδικές χαρές,πάρκα)",medium — ίδια σελίδα με βεβαίωση δραστηριοποίησης;,
αιτηση_κιτρινης_διαγραμμισης,proposed,Χορήγηση άδειας οριζόντιας σήμανσης της εισόδου-εξόδου ιδιωτικού χώρου στάθμευσης,https://eservices.heraklion.gr/e-services/technical-services/parking.html,0.350,Διαγραφή οφειλής,"Θέματα Εκθέσεων Αυτοψίας (Ένσταση, Αποδοχή, Διαγραφή, Αναστολή Προστίμου Δήλωση κατεδάφισης)",medium — οριζόντια σήμανση εισόδου-εξόδου,
βεβαιωση_οφειλων_διας,proposed,Ηλεκτρονικές Πληρωμές Οφειλών,https://eservices.heraklion.gr/e-services/e-pay/e-pay.html,0.402,Βεβαίωση περί μη οφειλής εισφοράς σε χρήμα,"Βεβαίωση περί μη οφειλών (προσκύρωσης, αυθαίρετης κατασκευής, εισφοράς σχεδίου πόλης)",medium — κωδικός ΔΙΑΣ για πληρωμή,
διακοπη_ηλεκτροδοτησης,proposed,Ηλεκτροδοτήσεις οικιών - καταστημάτων και επανασυνδέσεις ΔΕΗ,https://eservices.heraklion.gr/e-services/ilektr.html,0.344,Ηλεκτροδοτήσεις οικιών - καταστημάτων και επανασυνδέσεις ΔΕΗ,Χορήγηση άδειας διακοπής κυκλοφορίας,medium — η σελίδα καλύπτει και επανασυνδέσεις,
επανασυνδεση_παροχης,proposed,Ηλεκτροδοτήσεις οικιών - καταστημάτων και επανασυνδέσεις ΔΕΗ,https://eservices.heraklion.gr/e-services/ilektr.html,0.393,Ηλεκτροδοτήσεις οικιών - καταστημάτων και επανασυνδέσεις ΔΕΗ,Αίτηση - ΥΔ για παροχή δωρεάν φαρμακευτικής περίθαλψης σε ανασφάλιστου,"medium — αν αφορά νερό, δεν ταιριάζει",
καθαρισμος_φρεατιου,proposed,Γενικό αίτημα καθαριότητας,https://eservices.heraklion.gr/e-services/cleanness/geniko-aitima-kathariotitas.html,0.469,Καθαρισμός δημοτικών οικοπέδων - Αποψίλωση,Αίτημα για οδοκαθαρισμό,medium — γενικό αίτημα καθαριότητας,
καταληψη_κοινοχρηστου_χωρου,proposed,Έκδοση αδειών κοινόχρηστων χώρων - Ετήσιες,https://eservices.heraklion.gr/e-services/year.html,0.534,Αίτημα για καθαριότητα κοινόχρηστου χώρου,Φύτευση σε κοινόχρηστους χώρους,medium — άδεια ή καταγγελία παράνομης κατάληψης;,
μη_οφειλη_ταπ_ακινητα,proposed,ΤΑΠ - Τέλη Φωτισμού και Καθαριότητας,https://eservices.heraklion.gr/e-services/town-planning/e-tap.html,0.279,Βεβαίωση ακριβούς διεύθυνσης ακινήτων,Διαγραφή οφειλής,medium,
μη_οφειλη_ταπ_οικοπεδα,proposed,ΤΑΠ - Τέλη Φωτισμού και Καθαριότητας,https://eservices.heraklion.gr/e-services/town-planning/e-tap.html,0.270,Καθαρισμός δημοτικών οικοπέδων - Αποψίλωση,Διαγραφή οφειλής,medium,
οικοδομησιμοτητα,proposed,Χορήγηση Βεβαίωσης Χρήσης Γης,https://eservices.heraklion.gr/e-services/town-planning/certification-use-ground.html,0.229,Έκδοση αδειών για οικοδομικές υπηρεσίες - μηνιαίες,Αντίγραφα στοιχείων οικοδομικών αδειών (έως το έτος 2018),"medium — Βεβαίωση Χρήσης Γης — συγγενές, όχι ταυτόσημο",
σημανση_οδοστρωματος,proposed,Τοποθέτηση Πινακίδων Σήμανσης και Καθρεπτών,https://eservices.heraklion.gr/e-services/technical-services/topothetisipinakidon-simansis-kaurepton.html,0.450,Αίτηση για βλάβη στο οδόστρωμα,Καταγγελίες (Εμπόδια στο οδόστρωμα),medium,
ταπ_ηλεκτροδοτηση,proposed,ΤΑΠ - Τέλη Φωτισμού και Καθαριότητας,https://eservices.heraklion.gr/e-services/town-planning/e-tap.html,0.400,Ηλεκτροδοτήσεις οικιών - καταστημάτων και επανασυνδέσεις ΔΕΗ,Ηλεκτρονικές Πληρωμές Οφειλών,medium,
ταπ_μη_ηλεκτροδοτουμενα,proposed,ΤΑΠ - Τέλη Φωτισμού και Καθαριότητας,https://eservices.heraklion.gr/e-services/town-planning/e-tap.html,0.322,Ηλεκτροδοτήσεις οικιών - καταστημάτων και επανασυνδέσεις ΔΕΗ,Ηλεκτρονικές Πληρωμές Οφειλών,medium,
αγορα_οικογενειακου_ταφου,no_service,,,0.441,Αίτηση για Οικογενειακή Βοήθεια κατ'οίκον,Χορήγηση Πιστοποιητικού Οικογενειακής Κατάστασης,δεν υπάρχει υπηρεσία — κανένα κοιμητήριο στο KB,KOIMITIRIA
αδεια_κολυμβητικης_δεξαμενης,no_service,,,0.197,Απαλλαγή προσαυξήσεων βεβαιωμένης οφειλής,Έκδοση δημοτικής ενημερότητας,δεν υπάρχει αντίστοιχη υπηρεσία στο KB,ADEIODOTISEIS
αδεια_μικρης_κλιμακας,no_service,,,0.215,Άδεια Πολιτικού Γάμου για Αλλοδαπούς,Χορήγηση άδειας τοποθέτησης ικριωμάτων,δεν υπάρχει αντίστοιχη υπηρεσία στο KB,POLEODOMIA
αδεια_παιδοτοπου,no_service,,,0.273,Διόρθωση τόπου γέννησης,Άδεια Πολιτικού Γάμου για Αλλοδαπούς,δεν υπάρχει αντίστοιχη υπηρεσία στο KB,ADEIODOTISEIS
αιτηση_γενικου_τεχνικου_περιεχομενου,no_service,,,0.279,Γενικό αίτημα καθαριότητας,Γενική αίτηση για θέματα Κ.Ο.Κ,δεν υπάρχει υπηρεσία — ερωτήσεις προόδου έργων — όχι υπηρεσία,TEXNIKI
αιτηση_εκταφης,no_service,,,0.297,Αίτηση επιστροφής πινακίδων,Αίτηση για Εργοθεραπεία,δεν υπάρχει υπηρεσία — κανένα κοιμητήριο στο KB,KOIMITIRIA
αιτηση_ταφης_σε_οικογενειακο_ταφο,no_service,,,0.498,Αίτηση για Οικογενειακή Βοήθεια κατ'οίκον,Χορήγηση Πιστοποιητικού Οικογενειακής Κατάστασης,δεν υπάρχει υπηρεσία — κανένα κοιμητήριο στο KB,KOIMITIRIA
αιτηση_χορηγησης_αντιγραφου_ηδη_χορηγηθεισας_βεβαιωσης,no_service,,,0.525,Χορήγηση Βεβαίωσης Χρήσης Γης,Χορήγηση αντιγράφου Ληξιαρχικής Πράξης Γάμου,δεν υπάρχει υπηρεσία — γενικό — εξαρτάται από τη βεβαίωση,KENTRO
αλλαγη_ιδιοκτησιας_ακινητου,no_service,,,0.437,Βεβαίωση υποβολής δήλωσης ιδιοκτησίας,Υποβολή δήλωσης ιδιοκτησίας σε πολεοδομική μελέτη,δεν υπάρχει αντίστοιχη υπηρεσία στο KB,TAP
αλλαγη_στοιχειων_λογαριασμου_υδρευσης,no_service,,,0.385,Ηλεκτρονική Εξόφληση Λογαριασμού ΔΕΥΑΗ,Αλλαγή διεύθυνσης,δεν υπάρχει υπηρεσία — ΔΕΥΑΗ: μόνο βλάβη και εξόφληση στο KB,DEYAH
αναγγελια_κομμωτη,no_service,,,0.409,Καταγγελία για άλλα θέματα,Καταγγελία δολιοφθορών,δεν υπάρχει υπηρεσία — καμία αναγγελία επαγγέλματος στο KB,ADEIODOTISEIS
αναγγελια_τεχνιτη_ακρων,no_service,,,0.309,Καταγγελία για άλλα θέματα,Καταγγελία δολιοφθορών,δεν υπάρχει υπηρεσία — καμία αναγγελία επαγγέλματος στο KB,ADEIODOTISEIS
απαλλαγη_δημοτικων_τελων_covid,no_service,,,0.338,Απαλλαγή προσαυξήσεων βεβαιωμένης οφειλής,Αλλαγή διεύθυνσης,δεν υπάρχει αντίστοιχη υπηρεσία στο KB,PROSODOI
βεβαιωση_αρτιοτητας,no_service,,,0.379,Βεβαίωση Υψομέτρου,Χορήγηση Βεβαίωσης Χρήσης Γης,δεν υπάρχει αντίστοιχη υπηρεσία στο KB,POLEODOMIA
βεβαιωση_εγκαταστασης_καταστηματος,no_service,,,0.320,Αδειοδότηση Αθλητικών Εγκαταστάσεων,Χορήγηση Πιστοποιητικού Οικογενειακής Κατάστασης,δεν υπάρχει αντίστοιχη υπηρεσία στο KB,ADEIODOTISEIS
βεβαιωση_ορων_δομησης,no_service,,,0.362,Χορήγηση Βεβαίωσης Χρήσης Γης,Βεβαίωση Υψομέτρου,δεν υπάρχει αντίστοιχη υπηρεσία στο KB,POLEODOMIA
δελτια_τυπου,no_service,,,0.147,Διόρθωση τόπου γέννησης,Άδεια Πολιτικού Γάμου για Αλλοδαπούς,"δεν υπάρχει υπηρεσία — ενημερωτικό, όχι υπηρεσία",KENTRO
διακοπη_παροχης_υδατος,no_service,,,0.310,Χορήγηση άδειας διακοπής κυκλοφορίας,Αίτηση - ΥΔ για παροχή δωρεάν φαρμακευτικής περίθαλψης σε ανασφάλιστου,δεν υπάρχει υπηρεσία — ΔΕΥΑΗ: μόνο βλάβη και εξόφληση,DEYAH
εγγραφη_σημειου_υδροληψιας,no_service,,,0.222,"Εγγραφή Αλλοδαπών που αποκτούν την Ελληνική Ιθαγένεια με πολιτογράφηση και τέκνων λόγω γέννησης - φοίτησης, φοίτησης",Διαγραφή οφειλής,δεν υπάρχει υπηρεσία — ΔΕΥΑΗ,DEYAH
ελεγχος_λογαριασμου_υδρευσης,no_service,,,0.425,Ηλεκτρονική Εξόφληση Λογαριασμού ΔΕΥΑΗ,Έλεγχος επικινδυνότητας κατασκευών,δεν υπάρχει υπηρεσία — ΔΕΥΑΗ: μόνο βλάβη και εξόφληση,DEYAH
ενοικιαση_οστεοφυλακιου,no_service,,,0.182,Βεβαίωση Μόνιμης Κατοικίας Δημότη Ηρακλείου,Μεταδημότευση λόγω διετούς κατοικίας,δεν υπάρχει υπηρεσία — κανένα κοιμητήριο στο KB,KOIMITIRIA
ενοικιαση_ταφου,no_service,,,0.151,Μεταδημότευση λόγω διετούς κατοικίας,Βεβαίωση Μόνιμης Κατοικίας Δημότη Ηρακλείου,δεν υπάρχει υπηρεσία — κανένα κοιμητήριο στο KB,KOIMITIRIA
επεκταση_δικτυου_υδρευσης,no_service,,,0.422,Βλάβες του δικτύου δημοτικού φωτισμού,Βλάβες αρδευτικών δικτύων,δεν υπάρχει υπηρεσία — ΔΕΥΑΗ,DEYAH
επικαιροποιηση_στοιχειων_υδροληψιας,no_service,,,0.322,Αντίγραφα στοιχείων αδειών δόμησης (μετά το έτος 2018),Αντίγραφα στοιχείων οικοδομικών αδειών (έως το έτος 2018),δεν υπάρχει υπηρεσία — ΔΕΥΑΗ,DEYAH
επικοινωνια,no_service,,,0.381,Αίτηση για Κοινωνική Εργασία,Αίτηση για Κοινωνική Εργασία κατ'οίκον,"δεν υπάρχει υπηρεσία — να απαντά με τηλέφωνο, όχι σύνδεσμο",KENTRO
θεωρηση_γραμμων,no_service,,,0.160,Αντίγραφα φακέλου καταγεγραμμένου αυθαιρέτου,Χορήγηση αναθεώρησης - ενιαίας άδειας ίδρυσης και λειτουργίας μονάδας φροντίδας προσχολικής αγωγής και διαπαιδαγώγησης,δεν υπάρχει αντίστοιχη υπηρεσία στο KB,POLEODOMIA
ληξιαρχειο,no_service,,,0.370,Χορήγηση αντιγράφου Ληξιαρχικής Πράξης Γάμου,Χορήγηση αντιγράφου Ληξιαρχικής Πράξης Θανάτου,δεν υπάρχει υπηρεσία — να απαντά με τηλέφωνο/ωράριο,LIXIARXEIO
μειωση_τελων_λογω_αναπηριας,no_service,,,0.193,Μεταδημότευση λόγω διετούς κατοικίας,Μεταδημότευση λόγω αρχικής δημοτικότητας,δεν υπάρχει αντίστοιχη υπηρεσία στο KB,KOINONIKA
μειωση_τιμολογιου,no_service,,,0.119,"Βεβαίωση πληρωμών (προσκύρωσης, εισφοράς σχεδίου πόλης, προστίμου αυθαίρετης κατασκευής)",Άνοιγμα μερίδας δημότη – λόγω διαζυγίου (με διαζύγιο που έχει καταχωρηθεί στην ληξιαρχική πράξη γάμου μέχρι το έτος 2017),δεν υπάρχει υπηρεσία — ΔΕΥΑΗ,DEYAH
μεταφορα_οστων,no_service,,,0.410,"Μετακίνηση, μεταφορά και τοποθέτηση κάδων απορριμάτων και ανακύκλωσης",Έγκριση από ΣΥ.ΠΟ.Θ.Α. ( για διαφορά ειδικού προστίμου >20% δήλωσης υπαγωγής),δεν υπάρχει υπηρεσία — κανένα κοιμητήριο στο KB,KOIMITIRIA
μητρωο_αρρενων,no_service,,,0.256,Απομάκρυνση εγκαταλελειμμένων ογκωδών αντικειμένων από κοινόχρηστους χώρους,Απομάκρυνση Εγκαταλελειμμένων Οχημάτων,δεν υπάρχει αντίστοιχη υπηρεσία στο KB,MITROO
νεα_παροχη_υδρευσης,no_service,,,0.320,Αίτηση - ΥΔ για παροχή δωρεάν φαρμακευτικής περίθαλψης σε ανασφάλιστου,Χορήγηση άδειας διέλευσης και στάθμευσης οχήματος σε πεζόδρομους,δεν υπάρχει υπηρεσία — ΔΕΥΑΗ,DEYAH
νεαανακοινωσεις,no_service,,,0.227,Παραχώρηση χώρων του Δήμου για εκδηλώσεις,Κατασχέσεις,"δεν υπάρχει υπηρεσία — ενημερωτικό, όχι υπηρεσία",KENTRO
παλαιοτητα_1955,no_service,,,0.257,Αίτημα για καθαριότητα κοινόχρηστου χώρου,Γενικό αίτημα καθαριότητας,δεν υπάρχει υπηρεσία — καμία βεβαίωση παλαιότητας στο KB,POLEODOMIA
παλαιοτητα_1990,no_service,,,0.257,Αίτημα για καθαριότητα κοινόχρηστου χώρου,Γενικό αίτημα καθαριότητας,δεν υπάρχει υπηρεσία — καμία βεβαίωση παλαιότητας στο KB,POLEODOMIA
παλαιοτητα_κτισματος,no_service,,,0.202,Αίτημα για καθαριότητα κοινόχρηστου χώρου,ΤΑΠ - Τέλη Φωτισμού και Καθαριότητας,δεν υπάρχει υπηρεσία — καμία βεβαίωση παλαιότητας στο KB,POLEODOMIA
παλαιοτητα_οδου,no_service,,,0.231,Αίτημα για καθαριότητα κοινόχρηστου χώρου,Γενικό αίτημα καθαριότητας,δεν υπάρχει υπηρεσία — καμία βεβαίωση παλαιότητας στο KB,POLEODOMIA
παλαιοτητα_οικοπεδου,no_service,,,0.269,Καθαρισμός δημοτικών οικοπέδων - Αποψίλωση,Αίτημα για καθαριότητα κοινόχρηστου χώρου,δεν υπάρχει υπηρεσία — καμία βεβαίωση παλαιότητας στο KB,POLEODOMIA
προεγκριση_αδειας_παιδοτοπου,no_service,,,0.228,Κατάθεση Δικαιολογητικών Μ.Φ.Π.Α.&Δ. Για την έγκριση πρόσληψης προσωπικού,Έγκριση από ΣΥ.ΠΟ.Θ.Α. ( για διαφορά ειδικού προστίμου >20% δήλωσης υπαγωγής),δεν υπάρχει αντίστοιχη υπηρεσία στο KB,ADEIODOTISEIS
στεγαστρο_οασα,no_service,,,0.198,Καταστροφή και απομάκρυνση ζιζανίων,Επιστροφή χρημάτων,δεν υπάρχει αντίστοιχη υπηρεσία στο KB,TEXNIKI
συμμετοχη_εμποροπανηγυρη,no_service,,,0.186,Καταγγελία (Λαϊκές αγορές-Πλανόδιο-Υπαίθριο εμπόριο,Σύμφωνο Συμβίωσης (Ν.4356/2015),δεν υπάρχει αντίστοιχη υπηρεσία στο KB,YPAITHRIO
συνδεση_φυσικου_αεριου,no_service,,,0.284,Αίτηση για Φυσικοθεραπεία,Αίτηση για Φυσικοθεραπεία κατ'οίκον,"δεν υπάρχει υπηρεσία — αρμοδιότητα ΕΔΑ, όχι δήμου",KENTRO
τελος_0_5,no_service,,,0.171,ΤΑΠ - Τέλη Φωτισμού και Καθαριότητας,Αίτηση Τέλεσης Πολιτικού Γάμου μετά την έκδοση των αδειών,δεν υπάρχει αντίστοιχη υπηρεσία στο KB,PROSODOI
τεχνικη_υπηρεσια,no_service,,,0.312,Έκδοση αδειών για οικοδομικές υπηρεσίες - μηνιαίες,Διαχείριση Καλλιτεχνικής Δραστηριοτητας εντός της Παλιάς Πόλης,δεν υπάρχει υπηρεσία — να απαντά με τηλέφωνο τμήματος,TEXNIKI
χιλιομετρικη_αποσταση,no_service,,,0.259,Βεβαίωση Υψομέτρου,Επισκευή και αντικατάσταση κάδων απορριμάτων,δεν υπάρχει αντίστοιχη υπηρεσία στο KB,TEXNIKI
αδεια_βυθισησ_υποβιβασμου_πεζοδρομιου,auto,Χορήγηση άδειας βύθισης ή υποβιβασμού πεζοδρομίου,https://eservices.heraklion.gr/e-services/technical-services/xorogisi-adias-bithisis.html,0.906,Χορήγηση άδειας βύθισης ή υποβιβασμού πεζοδρομίου,Χορήγηση άδειας κατασκευής πεζοδρομίου,,
αδεια_διακοπης_κυκλοφοριας,auto,Χορήγηση άδειας διακοπής κυκλοφορίας,https://eservices.heraklion.gr/e-services/technical-services/xorigisi-adias-diakopis-kukloforias.html,0.910,Χορήγηση άδειας διακοπής κυκλοφορίας,Αιτήματα για κυκλοφοριακές ρυθμίσεις,,
αδεια_διελευσης_βαρεων_οχηματων,auto,Χορήγηση άδειας διέλευσης βαρέων οχημάτων,https://eservices.heraklion.gr/e-services/technical-services/xorigisi-adias-dieleusis-bareon-oximaton.html,0.911,Χορήγηση άδειας διέλευσης βαρέων οχημάτων,Χορήγηση άδειας διέλευσης και στάθμευσης οχήματος σε πεζόδρομους,,
αδεια_κατασκευησ_πεζοδρομιου,auto,Χορήγηση άδειας κατασκευής πεζοδρομίου,https://eservices.heraklion.gr/e-services/technical-services/xorigisi-adias-kataskeuis-pezodromiou.html,0.835,Χορήγηση άδειας κατασκευής πεζοδρομίου,Χορήγηση άδειας βύθισης ή υποβιβασμού πεζοδρομίου,,
αδεια_κοινοχρηστου_καδου_οικοδομικων_υπολειμματων,auto,"Χορήγηση άδειας χρήσης κοινόχρηστου χώρου για τοποθέτηση κάδου απορριμμάτων σε πεζοδρόμια, πεζόδρομους και πλατείες",https://eservices.heraklion.gr/e-services/technical-services/adia-xrisis-koin-xorou-topothetisi-kadou.html,0.363,"Χορήγηση άδειας χρήσης κοινόχρηστου χώρου για τοποθέτηση κάδου απορριμμάτων σε πεζοδρόμια, πεζόδρομους και πλατείες",Αντίγραφα στοιχείων οικοδομικών αδειών (έως το έτος 2018),high,
αδεια_μουσικων_ιδρυματων,auto,Δικαιολογητικά Χορήγησης Άδειας ίδρυσης και λειτουργίας Ιδιωτικών Μουσικών Ιδρυμάτων και Χορωδιών κ.α.,https://eservices.heraklion.gr/e-services/adeia-gia-moysika-idrymata/adeiodothsh-moysikwn-idrymatwn.html,0.327,"Αδειοδότηση Ωδείων, Μουσικών Σχολών και Χορωδιών κ.α.",Δικαιολογητικά Χορήγησης Άδειας ίδρυσης και λειτουργίας Ιδιωτικών Μουσικών Ιδρυμάτων και Χορωδιών κ.α.,high — ωδεία/σχολές μουσικής/χορωδίες,
αδεια_οριζοντιας_σημανσης_εισοδου_εξοδου,auto,Χορήγηση άδειας οριζόντιας σήμανσης της εισόδου-εξόδου ιδιωτικού χώρου στάθμευσης,https://eservices.heraklion.gr/e-services/technical-services/parking.html,0.716,Χορήγηση άδειας οριζόντιας σήμανσης της εισόδου-εξόδου ιδιωτικού χώρου στάθμευσης,Χορήγηση βεβαίωσης σήμανσης οδών,,
αδεια_πεζοδρομου,auto,Χορήγηση άδειας διέλευσης και στάθμευσης οχήματος σε πεζόδρομους,https://eservices.heraklion.gr/e-services/technical-services/adia-dieleusis-stathmeusis-pezodromous.html,0.534,"Χορήγηση άδειας χρήσης κοινόχρηστου χώρου για τοποθέτηση ικριωμάτων σε πεζοδρόμια, πεζόδρομους και πλατείες","Χορήγηση άδειας χρήσης κοινόχρηστου χώρου για τοποθέτηση περίφραξης σε πεζοδρόμια, πεζόδρομους και πλατείες",high,
αδεια_τοποθετηση_περιγραξη_οδοστρωματοσ,auto,"Χορήγηση άδειας χρήσης κοινόχρηστου χώρου για τοποθέτηση περίφραξης σε πεζοδρόμια, πεζόδρομους και πλατείες",https://eservices.heraklion.gr/e-services/technical-services/xrisi-koinoxristou-xorou-perifraksi.html,0.417,Αίτηση για βλάβη στο οδόστρωμα,Χορήγηση άδειας τοποθέτησης ικριωμάτων,high,
αδεια_τοποθετησης_ικριωματων,auto,Χορήγηση άδειας τοποθέτησης ικριωμάτων,https://eservices.heraklion.gr/e-services/technical-services/xorigisi-adias-topothetisis-ikriomaton.html,0.890,Χορήγηση άδειας τοποθέτησης ικριωμάτων,"Χορήγηση άδειας χρήσης κοινόχρηστου χώρου για τοποθέτηση ικριωμάτων σε πεζοδρόμια, πεζόδρομους και πλατείες",,
αδεια_χρησης_κοινοχρηστου_περιφραξης_οδοστρωματος,auto,"Χορήγηση άδειας χρήσης κοινόχρηστου χώρου για τοποθέτηση περίφραξης σε πεζοδρόμια, πεζόδρομους και πλατείες",https://eservices.heraklion.gr/e-services/technical-services/xrisi-koinoxristou-xorou-perifraksi.html,0.461,"Χορήγηση άδειας χρήσης κοινόχρηστου χώρου για τοποθέτηση περίφραξης σε πεζοδρόμια, πεζόδρομους και πλατείες",Αίτηση για βλάβη στο οδόστρωμα,,
αδειοδοτηση_αθλητικων_εγκαταστασεων,auto,Αδειοδότηση Αθλητικών Εγκαταστάσεων,https://eservices.heraklion.gr/e-services/sports/sportslicence.html,1.000,Αδειοδότηση Αθλητικών Εγκαταστάσεων,"Αδειοδότηση Ωδείων, Μουσικών Σχολών και Χορωδιών κ.α.",,
αδειοδοτηση_ωδειων_μουσικων_σχολων_χορωδιων,auto,"Αδειοδότηση Ωδείων, Μουσικών Σχολών και Χορωδιών κ.α.",https://eservices.heraklion.gr/e-services/adeia-gia-moysika-idrymata/music.html,0.897,"Αδειοδότηση Ωδείων, Μουσικών Σχολών και Χορωδιών κ.α.",Δικαιολογητικά Χορήγησης Άδειας ίδρυσης και λειτουργίας Ιδιωτικών Μουσικών Ιδρυμάτων και Χορωδιών κ.α.,,
αιτημα_κυκλοφοριακων_ρυθμισεων,auto,Αιτήματα για κυκλοφοριακές ρυθμίσεις,https://eservices.heraklion.gr/e-services/technical-services/aitima-kukloforiakes-ruthmiseis.html,0.766,Αιτήματα για κυκλοφοριακές ρυθμίσεις,Χορήγηση άδειας διακοπής κυκλοφορίας,,
αιτημα_οδοκαθαρισμου,auto,Αίτημα για οδοκαθαρισμό,https://eservices.heraklion.gr/e-services/cleanness/aitima-odokathrismos.html,0.901,Αίτημα για οδοκαθαρισμό,Γενικό αίτημα καθαριότητας,,
αιτημα_παραχωρηση_εξοπλισμου_εκδηλωσεων,auto,"Αιτήματα για παραχώρηση εξοπλισμού για εκδηλώσεις (τραπέζια ,καρέκλες )",https://eservices.heraklion.gr/e-services/technical-services/aitimata-paraxorisis-eksoplismou-ekdilosis.html,0.643,"Αιτήματα για παραχώρηση εξοπλισμού για εκδηλώσεις (τραπέζια ,καρέκλες )",Παραχώρηση χώρων του Δήμου για εκδηλώσεις,high,
αιτημα_τροποποιησησ_αυτοδικαιησ_αρσησ_ρυμοτομικησ_απαλλοτριωσησ,auto,Αίτημα τροποποίησης λόγω αυτοδίκαιης άρσης ρυμοτομικής απαλλοτρίωσης/δέσμευσης,https://eservices.heraklion.gr/e-services/town-planning/aitima-tropopoihsis-logo-aytodikaihs-arsis-rumotomikis-apallotriosis.html,0.797,Αίτημα τροποποίησης λόγω αυτοδίκαιης άρσης ρυμοτομικής απαλλοτρίωσης/δέσμευσης,Τροποποίηση σχεδίου πόλης,,
αιτηση_ασφαλτοστρωσης_τσιμεντοστρωσης_διαστρωσης_3α,auto,Αίτηση για ασφαλτόστρωση - τσιμεντόστρωση - διάστρωση 3α,https://eservices.heraklion.gr/e-services/technical-services/aitisi-gia-asfaltostrosi.html,0.885,Αίτηση για ασφαλτόστρωση - τσιμεντόστρωση - διάστρωση 3α,Αίτηση για βλάβη στο οδόστρωμα,,
αιτηση_βλαβης_οδοστρωματος,auto,Αίτηση για βλάβη στο οδόστρωμα,https://eservices.heraklion.gr/e-services/technical-services/aitisi-gia-blabi-sto-odostroma.html,0.705,Αίτηση για βλάβη στο οδόστρωμα,Δήλωση Βλάβης ΔΕΥΑΗ,,
αιτηση_εργοθεραπειας,auto,Αίτηση για Εργοθεραπεία,https://eservices.heraklion.gr/e-services/epidomatikh-politikh/aitisi-ergotherapia.html,0.923,Αίτηση για Εργοθεραπεία,Αίτηση για Εργοθεραπεία κατ'οίκον,,
αιτηση_ιατρονοσηλευτικης_φροντιδας_καπη,auto,Αίτηση για Ιατρονοσηλευτική,https://eservices.heraklion.gr/e-services/epidomatikh-politikh/aitisi-iatronosileutiki.html,0.770,Αίτηση για Ιατρονοσηλευτική,Αίτηση για Ιατρονοσηλευτική κατ'οίκον,,
αιτηση_παραχωρησης_αποκλειστικης_θεσης_σταθμευσης_αμεα,auto,Χορήγηση θέσης στάθμευσης για ΑMΕΑ,https://eservices.heraklion.gr/e-services/technical-services/xorigisi-thesis-stathmeusis-AMEA.html,0.515,Χορήγηση θέσης στάθμευσης για ΑMΕΑ,Κατάθεση Ένστασης - Αντίρρησης για παράνομη στάθμευση,,
αλλαγη_διευθυνσησ,auto,Αλλαγή διεύθυνσης,https://eservices.heraklion.gr/e-services/municipal-roll/allagi-dieuthinsis.html,0.955,Αλλαγή διεύθυνσης,Βεβαίωση ακριβούς διεύθυνσης ακινήτων,,
απαλλαγη_προσαυξησεων_βεβαιωμενης_οφειλης,auto,Απαλλαγή προσαυξήσεων βεβαιωμένης οφειλής,https://eservices.heraklion.gr/e-services/economic-services/apalagi-prosauksisewn.html,1.000,Απαλλαγή προσαυξήσεων βεβαιωμένης οφειλής,Βεβαίωση περί μη οφειλής εισφοράς σε χρήμα,,
απεντομωση_κοινοχρηστων,auto,Απεντόμωση σε κοινόχρηστους χώρους,https://eservices.heraklion.gr/e-services/technical-services/apentomosi-koinoxristo-xoro.html,0.763,Απεντόμωση σε κοινόχρηστους χώρους,Έκδοση αδειών κοινόχρηστων χώρων - Ετήσιες,,
απολυμανση_κτιριων,auto,Απολύμανση κτιρίων,https://eservices.heraklion.gr/e-services/technical-services/apolimansi-ktirion.html,1.000,Απολύμανση κτιρίων,Καταγγελίες (Εγκαταλελειμμένα κτίρια),,
απομακρυνση_εγκαταλελειμμενων_οχηματων,auto,Απομάκρυνση Εγκαταλελειμμένων Οχημάτων,https://eservices.heraklion.gr/e-services/municipal-police/egkatalelimena-oximata.html,1.000,Απομάκρυνση Εγκαταλελειμμένων Οχημάτων,Απομάκρυνση εγκαταλελειμμένων ογκωδών αντικειμένων από κοινόχρηστους χώρους,,
ασφαλιστικη_ενημεροτητα_δημου,auto,Ασφαλιστική ενημερότητα του Δήμου,https://eservices.heraklion.gr/e-services/economic-services/asfalistiki-enimerotita-dimou.html,0.978,Ασφαλιστική ενημερότητα του Δήμου,Έκδοση δημοτικής ενημερότητας,,
ασφαλτοστρωση_οδου,auto,Αίτηση για ασφαλτόστρωση - τσιμεντόστρωση - διάστρωση 3α,https://eservices.heraklion.gr/e-services/technical-services/aitisi-gia-asfaltostrosi.html,0.710,Αίτηση για ασφαλτόστρωση - τσιμεντόστρωση - διάστρωση 3α,Ασφαλιστική ενημερότητα του Δήμου,,
βεβαιωση_δραστηριοποιησης_βραχυχρονιων_αγορων,auto,Διαδικασία έκδοσης Βεβαίωσης Δραστηριοποίησης Ετήσιας Διάρκειας στις βραχυχρόνιες αγορές,https://eservices.heraklion.gr/e-services/katasthmata/ekdosh-vevaiwshs-drasthriothtas-ethsias-diarkeias.html,0.619,Διαδικασία έκδοσης Βεβαίωσης Δραστηριοποίησης Ετήσιας Διάρκειας στις βραχυχρόνιες αγορές,Χορήγηση Βεβαίωσης Χρήσης Γης,,
βεβαιωση_δραστηριοποιησης_υπαιθριου,auto,Διαδικασία έκδοσης Βεβαίωσης Δραστηριοποίησης Ετήσιας Διάρκειας στις βραχυχρόνιες αγορές,https://eservices.heraklion.gr/e-services/katasthmata/ekdosh-vevaiwshs-drasthriothtas-ethsias-diarkeias.html,0.414,Διαδικασία έκδοσης Βεβαίωσης Δραστηριοποίησης Ετήσιας Διάρκειας στις βραχυχρόνιες αγορές,Χορήγηση Βεβαίωσης Χρήσης Γης,high,
βεβαιωση_μη_οφειλης_εισφορας_σε_χρημα,auto,Βεβαίωση περί μη οφειλής εισφοράς σε χρήμα,https://eservices.heraklion.gr/e-services/economic-services/bebeosis-peri-mi-ofilis-isforas-se-xrima.html,0.935,Βεβαίωση περί μη οφειλής εισφοράς σε χρήμα,"Βεβαίωση περί μη οφειλών (προσκύρωσης, αυθαίρετης κατασκευής, εισφοράς σχεδίου πόλης)",,
βεβαιωση_μη_οφειλων_προσκυρωσης_αυθαιρετου_εισφορας,auto,"Βεβαίωση περί μη οφειλών (προσκύρωσης, αυθαίρετης κατασκευής, εισφοράς σχεδίου πόλης)",https://eservices.heraklion.gr/e-services/economic-services/peri-mi-ofeilwn.html,0.685,"Βεβαίωση περί μη οφειλών (προσκύρωσης, αυθαίρετης κατασκευής, εισφοράς σχεδίου πόλης)","Βεβαίωση πληρωμών (προσκύρωσης, εισφοράς σχεδίου πόλης, προστίμου αυθαίρετης κατασκευής)",,
βεβαιωση_οριων_ιδιοκτησιας,auto,Βεβαίωση υποβολής δήλωσης ιδιοκτησίας,https://eservices.heraklion.gr/e-services/town-planning/bebeosis-upobolos-dilosis-idioktisias.html,0.684,Βεβαίωση υποβολής δήλωσης ιδιοκτησίας,Υποβολή δήλωσης ιδιοκτησίας σε πολεοδομική μελέτη,,
βεβαιωση_παρακρατησης_φορου_προμηθευτων,auto,Βεβαίωση παρακράτησης φόρου (για προμηθευτές),https://eservices.heraklion.gr/e-services/economic-services/bebeosi-parakratisis-forou.html,0.877,Βεβαίωση παρακράτησης φόρου (για προμηθευτές),Χορήγηση Βεβαίωσης Χρήσης Γης,,
βεβαιωση_πληρωμων_προσκυρωσης_εισφορας_προστιμου_αυθαιρετου,auto,"Βεβαίωση πληρωμών (προσκύρωσης, εισφοράς σχεδίου πόλης, προστίμου αυθαίρετης κατασκευής)",https://eservices.heraklion.gr/e-services/economic-services/bebeosi-plhromon.html,0.750,"Βεβαίωση πληρωμών (προσκύρωσης, εισφοράς σχεδίου πόλης, προστίμου αυθαίρετης κατασκευής)","Βεβαίωση περί μη οφειλών (προσκύρωσης, αυθαίρετης κατασκευής, εισφοράς σχεδίου πόλης)",,
βεβαιωση_χαρακτηρισμοσ_κτιριου,auto,Βεβαίωση για χαρακτηρισμό κτιρίου (Προτεινόμενου ως διατηρητέου ή μη),https://eservices.heraklion.gr/e-services/building-value.html,0.636,Βεβαίωση για χαρακτηρισμό κτιρίου (Προτεινόμενου ως διατηρητέου ή μη),Βεβαίωση Υψομέτρου,,
βεβαιωση_χρησης_γης,auto,Χορήγηση Βεβαίωσης Χρήσης Γης,https://eservices.heraklion.gr/e-services/town-planning/certification-use-ground.html,0.838,Χορήγηση Βεβαίωσης Χρήσης Γης,Βεβαίωση Υψομέτρου,,
βλαβες_δικτυου_δημοτικου_φωτισμου,auto,Βλάβες του δικτύου δημοτικού φωτισμού,https://eservices.heraklion.gr/e-services/technical-services/blabes-diktiou-dimotikou-fotismou.html,0.979,Βλάβες του δικτύου δημοτικού φωτισμού,Βλάβες αρδευτικών δικτύων,,
βλαβη_αγωγου_υδρευσης,auto,Δήλωση Βλάβης ΔΕΥΑΗ,https://eservices.heraklion.gr/e-services/deyah/deyah-blabi.html,0.359,Αίτηση για βλάβη στο οδόστρωμα,Δήλωση Βλάβης ΔΕΥΑΗ,high — Δήλωση Βλάβης ΔΕΥΑΗ,
βλαβη_φωτεινων_σηματοδοτων,auto,Βλάβες σε Φωτεινούς Σηματοδότες,https://eservices.heraklion.gr/e-services/technical-services/blabes-se-fotinous-simatodotes.html,0.633,Βλάβες σε Φωτεινούς Σηματοδότες,Αίτηση για βλάβη στο οδόστρωμα,,
γενικες_υπηρεσιες,auto,Έκδοση αδειών για οικοδομικές υπηρεσίες - μηνιαίες,https://eservices.heraklion.gr/e-services/build-permits.html,0.537,Έκδοση αδειών για οικοδομικές υπηρεσίες - μηνιαίες,Γενική αίτηση για θέματα Κ.Ο.Κ,,
γενικη_αιτηση_κοκ,auto,Γενική αίτηση για θέματα Κ.Ο.Κ,https://eservices.heraklion.gr/e-services/municipal-police/geniki-aitisi-gia-kok.html,0.499,Γενική αίτηση για θέματα Κ.Ο.Κ,Γενική Αίτηση για θέματα Επιδομάτων,high — ο TF-IDF το είχε μπερδέψει με «θέματα Επιδομάτων»,
δηλωση_βαπτισης,auto,Δήλωση Βάπτισης (άρθρο 26 & 27 ν.344/1976),https://eservices.heraklion.gr/e-services/register/dilosibaptisi.html,0.639,Δήλωση Βάπτισης (άρθρο 26 & 27 ν.344/1976),Δήλωση Βλάβης ΔΕΥΑΗ,,
δηλωση_γαμου,auto,Δήλωση Γάμου (άρθρα 29 & 30 του ν. 344/1976),https://eservices.heraklion.gr/e-services/register/dilosigamou.html,0.503,Δήλωση Γάμου (άρθρα 29 & 30 του ν. 344/1976),Δήλωση Βλάβης ΔΕΥΑΗ,,
δηλωση_διαζυγιου,auto,Άνοιγμα μερίδας δημότη – λόγω διαζυγίου (με διαζύγιο που έχει καταχωρηθεί στην ληξιαρχική πράξη γάμου μέχρι το έτος 2017),https://eservices.heraklion.gr/e-services/municipal-roll/anigma-meridas-dimoti-logo-diazigiou.html,0.454,Άνοιγμα μερίδας δημότη – λόγω διαζυγίου (με διαζύγιο που έχει καταχωρηθεί στην ληξιαρχική πράξη γάμου μέχρι το έτος 2017),Δήλωση Διαζυγίου (άρθρα 1438 Α.Κ. και 1441 Α.Κ. όπως αντικαταστάθηκε με το άρθρο 4 του ν.4800/21.5.2021 και 14 του ν.344/1976),,
δηλωση_θανατου,auto,Δήλωση Θανάτου (αρθρα 32 & 33 ν.344/1976),https://eservices.heraklion.gr/e-services/register/dilosiuanatou.html,0.599,Δήλωση Θανάτου (αρθρα 32 & 33 ν.344/1976),Χορήγηση αντιγράφου Ληξιαρχικής Πράξης Θανάτου,,
δηλωση_ονοματοδοσιας,auto,Δήλωση Ονοματοδοσίας (άρθρο 25 ν. 344/1976),https://eservices.heraklion.gr/e-services/register/dilosionomatodosia.html,0.724,Δήλωση Ονοματοδοσίας (άρθρο 25 ν. 344/1976),Διόρθωση κυρίου ονόματος,,
δηλωση_συμφωνου_συμβιωσης,auto,Σύμφωνο Συμβίωσης (Ν.4356/2015),https://eservices.heraklion.gr/e-services/register/simfonosimviosis.html,0.616,Χορήγηση αντιγράφου Ληξιαρχικής Πράξης Συμφώνου Συμβίωσης,Σύμφωνο Συμβίωσης (Ν.4356/2015),high,
δημοτικη_ενημεροτητα_βεβαιωμενων_χρεων,auto,Έκδοση Δημοτικής Ενημερότητας Βεβαιωμένων Χρεών,https://eservices.heraklion.gr/e-services/economic-services/ekdosi-dimotikis-enimerotitas-bebeomenon-xreon.html,0.879,Έκδοση Δημοτικής Ενημερότητας Βεβαιωμένων Χρεών,Έκδοση δημοτικής ενημερότητας,,
διαγραφη_οφειλης,auto,Διαγραφή οφειλής,https://eservices.heraklion.gr/e-services/economic-services/diagrafi-ofilis.html,1.000,Διαγραφή οφειλής,Βεβαίωση περί μη οφειλής εισφοράς σε χρήμα,,
διακανονισμος_οφειλης_νομικου_προσωπου,auto,Διακανονισμός οφειλής (Για νομικό πρόσωπο),https://eservices.heraklion.gr/e-services/economic-services/diakanonismos-ofilis-nomiko.html,0.862,Διακανονισμός οφειλής (Για νομικό πρόσωπο),Διακανονισμός οφειλής (Για φυσικό πρόσωπο),,
διακανονισμος_οφειλης_φυσικου_προσωπου,auto,Διακανονισμός οφειλής (Για φυσικό πρόσωπο),https://eservices.heraklion.gr/e-services/economic-services/diakanonismos-ofilis.html,0.869,Διακανονισμός οφειλής (Για φυσικό πρόσωπο),Διακανονισμός οφειλής (Για νομικό πρόσωπο),,
διαχειριση_καλλιτεχνικησ_δραστηριοτητασ,auto,Διαχείριση Καλλιτεχνικής Δραστηριοτητας εντός της Παλιάς Πόλης,https://eservices.heraklion.gr/e-services/street-musicians.html,0.818,Διαχείριση Καλλιτεχνικής Δραστηριοτητας εντός της Παλιάς Πόλης,Διαδικασία έκδοσης Βεβαίωσης Δραστηριοποίησης Ετήσιας Διάρκειας στις βραχυχρόνιες αγορές,,
διευθυνση_οικοπεδου,auto,Βεβαίωση ακριβούς διεύθυνσης ακινήτων,https://eservices.heraklion.gr/e-services/technical-services/bebeosi-akribous-dieuthinsis-akinitou.html,0.535,Αλλαγή διεύθυνσης,Βεβαίωση ακριβούς διεύθυνσης ακινήτων,high — ο TF-IDF το είχε μπερδέψει με «Αλλαγή διεύθυνσης»,
δικαιολογητικα_ανελκυστηρων,auto,Δικαιολογητικά ανελκυστήρων για καταχώρηση,https://eservices.heraklion.gr/e-services/technical-services/TEXNIKHANELKISTIRAS.html,0.890,Δικαιολογητικά ανελκυστήρων για καταχώρηση,Δικαιολογητικά Χορήγησης Άδειας ίδρυσης και λειτουργίας Ιδιωτικών Μουσικών Ιδρυμάτων και Χορωδιών κ.α.,,
διορθωση_γεννησησ,auto,Διόρθωση τόπου γέννησης,https://eservices.heraklion.gr/e-services/municipal-roll/diorthosi-topou-gennisis.html,0.839,Διόρθωση τόπου γέννησης,Διόρθωση ηλικίας,,
διορθωση_ηλικιασ,auto,Διόρθωση ηλικίας,https://eservices.heraklion.gr/e-services/municipal-roll/diorthosi-ilikias.html,0.922,Διόρθωση ηλικίας,Διόρθωση τόπου γέννησης,,
διορθωση_ονοματοσ,auto,Διόρθωση κυρίου ονόματος,https://eservices.heraklion.gr/e-services/municipal-roll/diorthosi-kiriou-onomatos.html,0.749,Διόρθωση κυρίου ονόματος,Διόρθωση ηλικίας,,
διορθωση_στοιχειων_ληξιαρχικων_πραξεων,auto,Διόρθωση στοιχείων ληξιαρχικών πράξεων (αρθ.13 του Ν.344/76 όπως τροποποιήθηκε με το ν. 4674/2020),https://www.heraklion.gr/e-services/register/diorthoseis.html,0.595,Διόρθωση στοιχείων ληξιαρχικών πράξεων (αρθ.13 του Ν.344/76 όπως τροποποιήθηκε με το ν. 4674/2020),Μεταβολές Ληξιαρχικών Πράξεων(άρθρο 14 ν. 344/1976),,
εγκριση_συποθα,auto,Έγκριση από ΣΥ.ΠΟ.Θ.Α. ( για διαφορά ειδικού προστίμου >20% δήλωσης υπαγωγής),https://eservices.heraklion.gr/e-services/town-planning/egkrish-apo-SYPOTHA.html,0.322,Έγκριση από ΣΥ.ΠΟ.Θ.Α. ( για διαφορά ειδικού προστίμου >20% δήλωσης υπαγωγής),Κατάθεση Δικαιολογητικών Μ.Φ.Π.Α.&Δ. Για την έγκριση πρόσληψης προσωπικού,high,
εκδοση_αυτοψιασ_νομμιμοποιηση,auto,Έκδοση Έκθεσης Αυτοψίας για Νομιμοποίηση,https://eservices.heraklion.gr/e-services/town-planning/ekdosh-ekthesis-autopsias-nomimopoihsi.html,0.792,Έκδοση Έκθεσης Αυτοψίας για Νομιμοποίηση,Τροποποίηση σχεδίου πόλης,,
εκδοση_δημοτικης_ενημεροτητας,auto,Έκδοση δημοτικής ενημερότητας,https://eservices.heraklion.gr/e-services/economic-services/ekdosi-dhm-enhmerotitas.html,1.000,Έκδοση δημοτικής ενημερότητας,Έκδοση Δημοτικής Ενημερότητας Βεβαιωμένων Χρεών,,
εκδοση_πεκ,auto,Έκδοση ΠΕΚ (Πιστοποιητικό Ελέγχου Κατασκευής),https://eservices.heraklion.gr/e-services/town-planning/ekdosh-PEK.html,0.438,Έκδοση ΠΕΚ (Πιστοποιητικό Ελέγχου Κατασκευής),Έκδοση δημοτικής ενημερότητας,high,
εκτελεση_εργων_οδοποιιας,auto,Εκτέλεση έργων Οδοποιίας,https://eservices.heraklion.gr/e-services/technical-services/street-build.html,1.000,Εκτέλεση έργων Οδοποιίας,Αίτηση Τέλεσης Πολιτικού Γάμου μετά την έκδοση των αδειών,,
εκτος_σχεδιου,auto,Τροποποίηση σχεδίου πόλης,https://eservices.heraklion.gr/e-services/town-planning/tropopoihsi-sxediou-polis.html,0.490,Τροποποίηση σχεδίου πόλης,"Βεβαίωση περί μη οφειλών (προσκύρωσης, αυθαίρετης κατασκευής, εισφοράς σχεδίου πόλης)",,
ελεγχοσ_επικινδυνοτητασ_κατασκευων,auto,Έλεγχος επικινδυνότητας κατασκευών,https://eservices.heraklion.gr/e-services/town-planning/elegxos-epikindinotitas-kataskeuwn.html,0.931,Έλεγχος επικινδυνότητας κατασκευών,Έκδοση ΠΕΚ (Πιστοποιητικό Ελέγχου Κατασκευής),,
ενσταση_παρανομης_σταθμευσης,auto,Κατάθεση Ένστασης - Αντίρρησης για παράνομη στάθμευση,https://eservices.heraklion.gr/e-services/municipal-police/katathesi-enstasis-antirisis-gia-paranomi-stathmeusi.html,0.679,Κατάθεση Ένστασης - Αντίρρησης για παράνομη στάθμευση,Χορήγηση θέσης στάθμευσης για ΑMΕΑ,,
ενσταση_προστιμου_καθαριοτητας,auto,Κατάθεση ένστασης για πρόστιμο καθαριότητας,https://eservices.heraklion.gr/e-services/cleanness/katathesi-enstasis-prostimo-kathariotitas.html,0.778,Κατάθεση ένστασης για πρόστιμο καθαριότητας,Γενικό αίτημα καθαριότητας,,
επιδοματα,auto,Γενική Αίτηση για θέματα Επιδομάτων,https://eservices.heraklion.gr/e-services/epidomatikh-politikh/geniki-aitisi.html,0.655,Γενική Αίτηση για θέματα Επιδομάτων,Καταγγελία για άλλα θέματα,,
επισκευη_οδοστρωματος,auto,Αίτηση για βλάβη στο οδόστρωμα,https://eservices.heraklion.gr/e-services/technical-services/aitisi-gia-blabi-sto-odostroma.html,0.434,Αίτηση για βλάβη στο οδόστρωμα,Καταγγελίες (Εμπόδια στο οδόστρωμα),high,
επιστροφη_πινακιδων,auto,Αίτηση επιστροφής πινακίδων,https://eservices.heraklion.gr/e-services/municipal-police/aitisi-epistrofis-pinakidon.html,0.850,Αίτηση επιστροφής πινακίδων,Επιστροφή χρημάτων,,
επιστροφη_χρηματων,auto,Επιστροφή χρημάτων,https://eservices.heraklion.gr/e-services/economic-services/epistrofi-xrimatwn.html,1.000,Επιστροφή χρημάτων,Αίτηση επιστροφής πινακίδων,,
ετησια_αδεια_κοινοχρηστου_χωρου,auto,Έκδοση ετήσιων αδειών κοινόχρηστων χώρων,https://eservices.heraklion.gr/e-services/economic-services/annual-public-places-permit-usage.html,0.487,Αίτημα για καθαριότητα κοινόχρηστου χώρου,Έκδοση αδειών κοινόχρηστων χώρων - Ετήσιες,high,
ηλεκτροδοτηση_οικιων_καταστηματων,auto,Ηλεκτροδοτήσεις οικιών - καταστημάτων και επανασυνδέσεις ΔΕΗ,https://eservices.heraklion.gr/e-services/ilektr.html,0.675,Ηλεκτροδοτήσεις οικιών - καταστημάτων και επανασυνδέσεις ΔΕΗ,Ηλεκτρονικές Πληρωμές Οφειλών,,
ηλεκτρονικες_πληρωμες_οφειλων,auto,Ηλεκτρονικές Πληρωμές Οφειλών,https://eservices.heraklion.gr/e-services/e-pay/e-pay.html,1.000,Ηλεκτρονικές Πληρωμές Οφειλών,Ηλεκτρονική Εξόφληση Λογαριασμού ΔΕΥΑΗ,,
καθαριοτητα_κοινοχρηστου_χωρου,auto,Αίτημα για καθαριότητα κοινόχρηστου χώρου,https://eservices.heraklion.gr/e-services/cleanness/aitima-kathariotita-koinoxristou-xwrou.html,0.906,Αίτημα για καθαριότητα κοινόχρηστου χώρου,Γενικό αίτημα καθαριότητας,,
καθρεφτης_ορατοτητας,auto,Τοποθέτηση Πινακίδων Σήμανσης και Καθρεπτών,https://eservices.heraklion.gr/e-services/technical-services/topothetisipinakidon-simansis-kaurepton.html,0.271,Γενικό αίτημα καθαριότητας,Τοποθέτηση Πινακίδων Σήμανσης και Καθρεπτών,high,
καλλωπισμοσ_συντηρηση_κοινοχρηστων,auto,Καλλωπισμός - Γενική συντήρηση σε κοινόχρηστους χώρους,https://eservices.heraklion.gr/e-services/technical-services/kalopismos-gen-syntirisi-koinoxristo-xoro.html,0.739,Καλλωπισμός - Γενική συντήρηση σε κοινόχρηστους χώρους,Έκδοση αδειών κοινόχρηστων χώρων - Ετήσιες,,
καταγγελια_αυθαιρετησ_κατασκευησ,auto,Καταγγελία αυθαίρετης κατασκευής,https://eservices.heraklion.gr/e-services/town-planning/kataggelia-autheretis-kataskeuis.html,0.909,Καταγγελία αυθαίρετης κατασκευής,Καταγγελία για άλλα θέματα,,
καταγγελια_δολιοφθορων,auto,Καταγγελία δολιοφθορών,https://eservices.heraklion.gr/e-services/technical-services/kataggelia-doliofthoras.html,1.000,Καταγγελία δολιοφθορών,Καταγγελία για άλλα θέματα,,
καταγγελια_εγκαταλελειμμενων_κτιριων,auto,Καταγγελίες (Εγκαταλελειμμένα κτίρια),https://eservices.heraklion.gr/e-services/municipal-police/kataggelia-ktiria.html,0.661,Καταγγελίες (Εγκαταλελειμμένα κτίρια),Απομάκρυνση Εγκαταλελειμμένων Οχημάτων,,
καταγγελια_εμποδιων_οδοστρωματος,auto,Καταγγελίες (Εμπόδια στο οδόστρωμα),https://eservices.heraklion.gr/e-services/municipal-police/kataggelia-empodia-odostroma.html,0.622,Καταγγελίες (Εμπόδια στο οδόστρωμα),Αίτηση για βλάβη στο οδόστρωμα,,
καταγγελια_λαικων_αγορων_εμποριου,auto,Καταγγελία (Λαϊκές αγορές-Πλανόδιο-Υπαίθριο εμπόριο,https://eservices.heraklion.gr/e-services/municipal-police/kataggelia-laikes.html,0.474,Καταγγελία (Λαϊκές αγορές-Πλανόδιο-Υπαίθριο εμπόριο,Καταγγελία δολιοφθορών,high,
καταγγελια_παραβιασης_κοκ,auto,Καταγγελίες (Παραβάσεις Κ.Ο.Κ.),https://eservices.heraklion.gr/e-services/municipal-police/kataggelia-paravasis-kok.html,0.451,Καταγγελία για άλλα θέματα,Καταγγελία αυθαίρετης κατασκευής,high,
καταπολεμηση_πιτυοκαμπησ,auto,Αίτημα καταπολέμησης πιτυοκάμπης,https://eservices.heraklion.gr/e-services/technical-services/aitima-katapolemisis-pitiokampis.html,0.879,Αίτημα καταπολέμησης πιτυοκάμπης,Καταγγελία αυθαίρετης κατασκευής,,
καταστροφη_ζιζανιων,auto,Καταστροφή και απομάκρυνση ζιζανίων,https://eservices.heraklion.gr/e-services/technical-services/katastrofi-kai-apomakrinsi-zizanion.html,0.800,Καταστροφή και απομάκρυνση ζιζανίων,Επιστροφή χρημάτων,,
κατασχεσεις_οφειλων,auto,Κατασχέσεις,https://eservices.heraklion.gr/e-services/economic-services/katasxesis.html,0.790,Κατασχέσεις,Ηλεκτρονικές Πληρωμές Οφειλών,,
κλαδεμα_κοινοχρηστων,auto,Κλάδεμα δένδρων σε κοινόχρηστους χώρους,https://eservices.heraklion.gr/e-services/technical-services/kladema-dentron-koinoxristous-xorous.html,0.617,Κλάδεμα δένδρων σε κοινόχρηστους χώρους,Έκδοση αδειών κοινόχρηστων χώρων - Ετήσιες,,
μαια,auto,Επίσκεψη στη ΜΑΙΑ,https://eservices.heraklion.gr/e-services/iatreio/maia.html,0.522,Επίσκεψη στη ΜΑΙΑ,Αίτηση για κατασκευή σκιαδιών ή πέργολας ή άλλου τέτοιου είδους κατασκευών σε κοινόχρηστο χώρο της Παλαιάς Πόλης,,
μεριδα_δημοτη_διαζυγιου,auto,Άνοιγμα μερίδας δημότη – λόγω διαζυγίου (με διαζύγιο που έχει καταχωρηθεί στην ληξιαρχική πράξη γάμου μέχρι το έτος 2017),https://eservices.heraklion.gr/e-services/municipal-roll/anigma-meridas-dimoti-logo-diazigiou.html,0.575,Άνοιγμα μερίδας δημότη – λόγω διαζυγίου (με διαζύγιο που έχει καταχωρηθεί στην ληξιαρχική πράξη γάμου μέχρι το έτος 2017),Δήλωση Διαζυγίου (άρθρα 1438 Α.Κ. και 1441 Α.Κ. όπως αντικαταστάθηκε με το άρθρο 4 του ν.4800/21.5.2021 και 14 του ν.344/1976),,
μεταδημοτευση_αγαμου,auto,Μεταδημότευση αγάμου,https://eservices.heraklion.gr/e-services/municipal-roll/metadimotefsi-unmarried.html,1.000,Μεταδημότευση αγάμου,Μεταδημότευση λόγω αρχικής δημοτικότητας,,
μεταδημοτευση_δημοτικοτητασ,auto,Μεταδημότευση λόγω αρχικής δημοτικότητας,https://eservices.heraklion.gr/e-services/municipal-roll/metadimoteusi-logo-arxis-dimotikotitas.html,0.838,Μεταδημότευση λόγω αρχικής δημοτικότητας,Μεταδημότευση αγάμου,,
μεταδημοτευση_διετουσ,auto,Μεταδημότευση λόγω διετούς κατοικίας,https://eservices.heraklion.gr/e-services/municipal-roll/metadimoteusi-logo-dietous-katikias.html,0.741,Μεταδημότευση λόγω διετούς κατοικίας,Μεταδημότευση αγάμου,high,
μεταδημοτευση_εκλογεσ,auto,Μεταδημότευση λόγω υποψηφιότητας σε εκλογές,https://eservices.heraklion.gr/e-services/municipal-roll/metadimoteusi-logo-ipopsifiotitas-ekloges.html,0.666,Μεταδημότευση λόγω υποψηφιότητας σε εκλογές,Μεταδημότευση αγάμου,high,
μεταδημοτευση_συζυγου,auto,Μεταδημότευση της/του συζύγου (λόγω γάμου ή συμφώνου συμβίωσης όταν ένας από τους δύο είναι ήδη δημότης),https://eservices.heraklion.gr/e-services/municipal-roll/metadimoteusi-suzigou.html,0.602,Μεταδημότευση αγάμου,Μεταδημότευση της/του συζύγου (λόγω γάμου ή συμφώνου συμβίωσης όταν ένας από τους δύο είναι ήδη δημότης),high,
μετακινηση_τοποθετηση_καδων,auto,"Μετακίνηση, μεταφορά και τοποθέτηση κάδων απορριμάτων και ανακύκλωσης",https://eservices.heraklion.gr/e-services/cleanness/metakinisi-metafora-topothetisi-kadwn.html,0.629,"Μετακίνηση, μεταφορά και τοποθέτηση κάδων απορριμάτων και ανακύκλωσης",Τοποθέτηση Φωτιστικών Σωμάτων,,
μηνιαια_εκδοση_αδειων_οικοδομικων,auto,Έκδοση αδειών για οικοδομικές υπηρεσίες - μηνιαίες,https://eservices.heraklion.gr/e-services/build-permits.html,0.620,Έκδοση αδειών για οικοδομικές υπηρεσίες - μηνιαίες,Αντίγραφα στοιχείων οικοδομικών αδειών (έως το έτος 2018),,
μοναδες_προσχολικης_αγωγης,auto,Μονάδες Φροντίδας Προσχολικής Αγωγής & Διαπαιδαγώγησης,https://eservices.heraklion.gr/e-services/idiwtikoi-paidikoi-stathmoi.html,0.732,Μονάδες Φροντίδας Προσχολικής Αγωγής & Διαπαιδαγώγησης,Χορήγηση αναθεώρησης - ενιαίας άδειας ίδρυσης και λειτουργίας μονάδας φροντίδας προσχολικής αγωγής και διαπαιδαγώγησης,,
μυοκτονια_κοινοχρηστων,auto,Μυοκτονία σε κοινόχρηστους χώρους,https://eservices.heraklion.gr/e-services/technical-services/mioktonia-koinoxristo-xoro.html,0.759,Μυοκτονία σε κοινόχρηστους χώρους,Έκδοση αδειών κοινόχρηστων χώρων - Ετήσιες,,
οικονομικη_ενισχυση_πληγεντεσ,auto,Αίτηση χορήγησης οικονομικής ενίσχυσης στους πληγέντες του Δήμου Ηρακλείου για τη φυσική καταστροφή της .../.../20...,https://eservices.heraklion.gr/e-services/epidomatikh-politikh/aitisi-xorigisis-oik-enisx-pligentes-dimou.html,0.510,Αίτηση χορήγησης οικονομικής ενίσχυσης στους πληγέντες του Δήμου Ηρακλείου για τη φυσική καταστροφή της .../.../20...,Χορήγηση πιστοποιητικού οικονομικής αδυναμίας,,
ονομασια_ανωνυμων_οδων,auto,Ονομασία ανώνυμων οδών,https://eservices.heraklion.gr/e-services/technical-services/onomasia-anonimon-odon.html,1.000,Ονομασία ανώνυμων οδών,Χορήγηση βεβαίωσης σήμανσης οδών,,
παιδικες_χαρες,auto,"Συντήρηση Υπαίθριων Χώρων (παιδικές χαρές,πάρκα)",https://eservices.heraklion.gr/e-services/technical-services/aitimata-syntirisi-ipethrion-xoron.html,0.481,"Συντήρηση Υπαίθριων Χώρων (παιδικές χαρές,πάρκα)",Λαϊκές Αγορές: Ημέρες και οδοί λειτουργίας στον Δήμο Ηρακλείου,,
παραβασεις_κοκ_προστιμα,auto,Παραβάσεις ΚΟΚ και πρόστιμα,https://eservices.heraklion.gr/e-services/economic-services/kok-violations.html,0.978,Παραβάσεις ΚΟΚ και πρόστιμα,Καταγγελίες (Παραβάσεις Κ.Ο.Κ.),,
παραχωρηση_χωρων_δημου_εκδηλωσεισ,auto,Παραχώρηση χώρων του Δήμου για εκδηλώσεις,https://eservices.heraklion.gr/e-services/culture/culture1.html,0.919,Παραχώρηση χώρων του Δήμου για εκδηλώσεις,"Αιτήματα για παραχώρηση εξοπλισμού για εκδηλώσεις (τραπέζια ,καρέκλες )",,
πιστοποιητικο_γεννησης,auto,Χορήγηση Πιστοποιητικού Γέννησης,https://eservices.heraklion.gr/e-services/municipal-roll/xorigisi-pistopoiitikou-genisis.html,0.849,Χορήγηση Πιστοποιητικού Γέννησης,Πιστοποιητικό Ταυτοπροσωπίας Ανηλίκων,,
πιστοποιητικο_οικογενειακης_καταστασης,auto,Χορήγηση Πιστοποιητικού Οικογενειακής Κατάστασης,https://eservices.heraklion.gr/e-services/municipal-roll/xorigisi-pistopoiitikou-oikog-katastasis.html,0.921,Χορήγηση Πιστοποιητικού Οικογενειακής Κατάστασης,Αίτηση για Οικογενειακή Βοήθεια κατ'οίκον,,
πιστοποιητικο_οικονομικησ_αδυναμιασ,auto,Χορήγηση πιστοποιητικού οικονομικής αδυναμίας,https://eservices.heraklion.gr/e-services/epidomatikh-politikh/xorigisi-pistop-oik-adinamias.html,0.855,Χορήγηση πιστοποιητικού οικονομικής αδυναμίας,Χορήγηση Πιστοποιητικού Γέννησης,,
πιστοποιητικο_ταυτοπροσωπιασ_ανηλικων,auto,Πιστοποιητικό Ταυτοπροσωπίας Ανηλίκων,https://eservices.heraklion.gr/e-services/municipal-roll/certrification-of-identity.html,0.965,Πιστοποιητικό Ταυτοπροσωπίας Ανηλίκων,Πιστοποιητικό Ταυτοπροσωπίας για Ενήλικα,,
πιστοποιητικο_ταυτοπροσωπιασ_ενηλικων,auto,Πιστοποιητικό Ταυτοπροσωπίας για Ενήλικα,https://eservices.heraklion.gr/e-services/municipal-roll/certification-of-identity-ekloges.html,0.878,Πιστοποιητικό Ταυτοπροσωπίας Ανηλίκων,Πιστοποιητικό Ταυτοπροσωπίας για Ενήλικα,high,
πληροφοριες_λαικων_αγορων,auto,Λαϊκές Αγορές: Ημέρες και οδοί λειτουργίας στον Δήμο Ηρακλείου,https://eservices.heraklion.gr/e-services/laikes-agores/laikes-agores-hrakleiou.html,0.205,Λαϊκές Αγορές: Ημέρες και οδοί λειτουργίας στον Δήμο Ηρακλείου,Καταγγελία (Λαϊκές αγορές-Πλανόδιο-Υπαίθριο εμπόριο,high,
σημα_σταθμευσης_κατοικου,auto,Αίτηση για διάθεση σήματος στάθμευσης μονίμου κατοίκου,https://eservices.heraklion.gr/e-services/technical-services/parking-signal.html,0.659,Αίτηση για διάθεση σήματος στάθμευσης μονίμου κατοίκου,Χορήγηση θέσης στάθμευσης για ΑMΕΑ,,
σκιαδιων_περγολα_κοινοχρηστο,auto,Αίτηση για κατασκευή σκιαδιών ή πέργολας ή άλλου τέτοιου είδους κατασκευών σε κοινόχρηστο χώρο της Παλαιάς Πόλης,https://eservices.heraklion.gr/e-services/old-city-construct.html,0.511,Αίτηση για κατασκευή σκιαδιών ή πέργολας ή άλλου τέτοιου είδους κατασκευών σε κοινόχρηστο χώρο της Παλαιάς Πόλης,Φύτευση σε κοινόχρηστους χώρους,,
σπασμενα_κλαδια_δεντρου,auto,Σπασμένα κλαδιά δέντρου,https://eservices.heraklion.gr/e-services/technical-services/spasmena-kladia-dentrou.html,1.000,Σπασμένα κλαδιά δέντρου,Κλάδεμα δένδρων σε κοινόχρηστους χώρους,,
συντηρηση_υπαιθριων_χωρων,auto,"Συντήρηση Υπαίθριων Χώρων (παιδικές χαρές,πάρκα)",https://eservices.heraklion.gr/e-services/technical-services/aitimata-syntirisi-ipethrion-xoron.html,0.669,"Συντήρηση Υπαίθριων Χώρων (παιδικές χαρές,πάρκα)",Καλλωπισμός - Γενική συντήρηση σε κοινόχρηστους χώρους,,
ταπ_διορθωση_τετραγωνικων,auto,Τροποποίηση τετραγωνικών κοινόχρηστου χώρου,https://eservices.heraklion.gr/e-services/tetragwnika-koinoxrhstou.html,0.526,Τροποποίηση τετραγωνικών κοινόχρηστου χώρου,Διόρθωση ηλικίας,,
ταπ_τελη_φωτισμου_καθαριοτητας,auto,ΤΑΠ - Τέλη Φωτισμού και Καθαριότητας,https://eservices.heraklion.gr/e-services/town-planning/e-tap.html,0.977,ΤΑΠ - Τέλη Φωτισμού και Καθαριότητας,Γενικό αίτημα καθαριότητας,,
τελεση_πολιτικου_γαμου,auto,Αίτηση Τέλεσης Πολιτικού Γάμου μετά την έκδοση των αδειών,https://eservices.heraklion.gr/e-services/civil-marriages/marriage.html,0.666,Αίτηση Τέλεσης Πολιτικού Γάμου μετά την έκδοση των αδειών,Άδεια Πολιτικού Γάμου για Έλληνες Πολίτες,,
τελη_καθαριοτητας_κοιμητηριων,auto,ΤΑΠ - Τέλη Φωτισμού και Καθαριότητας,https://eservices.heraklion.gr/e-services/town-planning/e-tap.html,0.653,ΤΑΠ - Τέλη Φωτισμού και Καθαριότητας,Γενικό αίτημα καθαριότητας,,
τοποθετηση_δημοτικου_φωτισμου,auto,Βλάβες του δικτύου δημοτικού φωτισμού,https://eservices.heraklion.gr/e-services/technical-services/blabes-diktiou-dimotikou-fotismou.html,0.581,Βλάβες του δικτύου δημοτικού φωτισμού,Τοποθέτηση Φωτιστικών Σωμάτων,,
τοποθετηση_πινακιδων_σημανσης_και_καθρεπτων,auto,Τοποθέτηση Πινακίδων Σήμανσης και Καθρεπτών,https://eservices.heraklion.gr/e-services/technical-services/topothetisipinakidon-simansis-kaurepton.html,1.000,Τοποθέτηση Πινακίδων Σήμανσης και Καθρεπτών,Αίτηση μη παράδοσης πινακίδων,,
τοποθετηση_φωτιστικων_σωματων,auto,Τοποθέτηση Φωτιστικών Σωμάτων,https://eservices.heraklion.gr/e-services/technical-services/topothetisi-fotistikon-somaton.html,1.000,Τοποθέτηση Φωτιστικών Σωμάτων,Χορήγηση άδειας τοποθέτησης ικριωμάτων,,
τροποποιηση_τετραγωνικων_κοινοχρηστου,auto,Τροποποίηση τετραγωνικών κοινόχρηστου χώρου,https://eservices.heraklion.gr/e-services/tetragwnika-koinoxrhstou.html,0.962,Τροποποίηση τετραγωνικών κοινόχρηστου χώρου,Τροποποίηση σχεδίου πόλης,,
υποολη_δηλωσησ_ιδιοκτησιασ_πολεοδομικη_μελετη,auto,Υποβολή δήλωσης ιδιοκτησίας σε πολεοδομική μελέτη,https://eservices.heraklion.gr/e-services/town-planning/upoboli-dilosis-idioktisias-poleodomiki-meleti-.html,0.880,Υποβολή δήλωσης ιδιοκτησίας σε πολεοδομική μελέτη,Βεβαίωση υποβολής δήλωσης ιδιοκτησίας,,
υψομετρο,auto,Βεβαίωση Υψομέτρου,https://eservices.heraklion.gr/e-services/town-planning/bebeosi-ypsometrou.html,0.754,Βεβαίωση Υψομέτρου,Τροποποίηση τετραγωνικών κοινόχρηστου χώρου,,
φαρμακευτικη_περιθαλψη,auto,Αίτηση - ΥΔ για παροχή δωρεάν φαρμακευτικής περίθαλψης σε ανασφάλιστου,https://eservices.heraklion.gr/e-services/epidomatikh-politikh/aitisi-yd-paroxi-farmakeu-perithalpsi.html,0.608,Αίτηση - ΥΔ για παροχή δωρεάν φαρμακευτικής περίθαλψης σε ανασφάλιστου,Αίτηση για Ιατρονοσηλευτική,,
φυτευση_κοινοχρηστων,auto,Φύτευση σε κοινόχρηστους χώρους,https://eservices.heraklion.gr/e-services/technical-services/fiteusi-se-koinoxristo-xoro.html,0.687,Φύτευση σε κοινόχρηστους χώρους,Έκδοση αδειών κοινόχρηστων χώρων - Ετήσιες,,
φυτουγεια,auto,Προβλήματα φυτοϋγείας,https://eservices.heraklion.gr/e-services/technical-services/problimata-fitoigias.html,0.662,Προβλήματα φυτοϋγείας,Φύτευση σε κοινόχρηστους χώρους,,
χορηγηση_αντιγραφου_ληξιαρχικης_πραξης_γαμου,auto,Χορήγηση αντιγράφου Ληξιαρχικής Πράξης Γάμου,https://eservices.heraklion.gr/e-services/register/liksiarxiki-praksi-gamou.html,1.000,Χορήγηση αντιγράφου Ληξιαρχικής Πράξης Γάμου,Χορήγηση αντιγράφου Ληξιαρχικής Πράξης Θανάτου,,
χορηγηση_αντιγραφου_ληξιαρχικης_πραξης_γεννησης,auto,Χορήγηση αντιγράφου Ληξιαρχικής Πράξης Γεννήσεως,https://eservices.heraklion.gr/e-services/register/liksiarxikis-praksis-genisis.html,0.880,Χορήγηση αντιγράφου Ληξιαρχικής Πράξης Γεννήσεως,Χορήγηση αντιγράφου Ληξιαρχικής Πράξης Γάμου,high,
χορηγηση_αντιγραφου_ληξιαρχικης_πραξης_θανατου,auto,Χορήγηση αντιγράφου Ληξιαρχικής Πράξης Θανάτου,https://eservices.heraklion.gr/e-services/register/liksiarxiki-praksi-thanatou.html,1.000,Χορήγηση αντιγράφου Ληξιαρχικής Πράξης Θανάτου,Χορήγηση αντιγράφου Ληξιαρχικής Πράξης Γάμου,,
χορηγηση_βεβαιωσης_σημανσης_οδων,auto,Χορήγηση βεβαίωσης σήμανσης οδών,https://eservices.heraklion.gr/e-services/technical-services/xorigisi-bebeosis-simansis-odon.html,1.000,Χορήγηση βεβαίωσης σήμανσης οδών,Χορήγηση Βεβαίωσης Χρήσης Γης,,
αδεια_εκθεσης_ζωων_συντροφιας,verified,Έκδοση άδειας διοργάνωσης έκθεσης ζώων συντροφιάς,https://eservices.heraklion.gr/e-services/katasthmata/ekthesh-zwwn.html,0.750,Έκδοση άδειας διοργάνωσης έκθεσης ζώων συντροφιάς,Καταγγελία (Ζώα συντροφιάς - αδέσποτα),,
αδεια_καδου_οικοδομικων_υπολειμματων,verified,"Χορήγηση άδειας χρήσης κοινόχρηστου χώρου για τοποθέτηση κάδου απορριμμάτων σε πεζοδρόμια, πεζόδρομους και πλατείες",https://eservices.heraklion.gr/e-services/technical-services/adia-xrisis-koin-xorou-topothetisi-kadou.html,0.328,Αντίγραφα στοιχείων οικοδομικών αδειών (έως το έτος 2018),Έκδοση αδειών για οικοδομικές υπηρεσίες - μηνιαίες,,
αδεσποτα_ζωα,verified,Καταγγελία (Ζώα συντροφιάς - αδέσποτα),https://eservices.heraklion.gr/e-services/technical-services/kataggelia-zwa-syntrofias.html,0.528,Καταγγελία (Ζώα συντροφιάς - αδέσποτα),Έκδοση άδειας διοργάνωσης έκθεσης ζώων συντροφιάς,,
αιτηση_προσωρινης_χρησης_οδοστρωματος_πεζοδρομιου,verified,"Χορήγηση άδειας χρήσης κοινόχρηστου χώρου για τοποθέτηση ικριωμάτων σε πεζοδρόμια, πεζόδρομους και πλατείες",https://eservices.heraklion.gr/e-services/technical-services/adia-koinox-xorou-ikriomata.html,0.422,Αίτηση για βλάβη στο οδόστρωμα,Χορήγηση άδειας κατασκευής πεζοδρομίου,,
αναθεωρηση_αδειας_μφπαδ,verified,Χορήγηση αναθεώρησης - ενιαίας άδειας ίδρυσης και λειτουργίας μονάδας φροντίδας προσχολικής αγωγής και διαπαιδαγώγησης,https://eservices.heraklion.gr/e-services/epidomatikh-politikh/xorigisi-adeias-idrisis-mfpad.html,0.366,Χορήγηση αναθεώρησης - ενιαίας άδειας ίδρυσης και λειτουργίας μονάδας φροντίδας προσχολικής αγωγής και διαπαιδαγώγησης,Χορήγηση ενιαίας άδειας ίδρυσης-αναθεώρησης και λειτουργίας μονάδας φροντίδας προσχολικής αγωγής και διαπαιδαγώγησης,ήταν στη γενική σελίδα ΜΦΠΑΔ,
αντιγραφα_αδειας_πολεοδομιας,verified,Αντίγραφα στοιχείων οικοδομικών αδειών (έως το έτος 2018),https://eservices.heraklion.gr/e-services/town-planning/antigrafa-stoixeiwn-oikodom-adeiwn-ews-2018.html,0.332,Αντίγραφα στοιχείων οικοδομικών αδειών (έως το έτος 2018),Υποβολή δήλωσης ιδιοκτησίας σε πολεοδομική μελέτη,"έως 2018, όχι μετά",
αντιγραφα_αδειων_δομησης_μετα_2018,verified,Αντίγραφα στοιχείων αδειών δόμησης (μετά το έτος 2018),https://eservices.heraklion.gr/e-services/town-planning/antigrafa-stoixeiwn-adeiwn-domisis-meta-2018.html,0.750,Αντίγραφα στοιχείων αδειών δόμησης (μετά το έτος 2018),Αντίγραφα στοιχείων οικοδομικών αδειών (έως το έτος 2018),,
αντιγραφα_φακελου_αυθαιρετου,verified,Αντίγραφα φακέλου καταγεγραμμένου αυθαιρέτου,https://eservices.heraklion.gr/e-services/town-planning/antigrafo-fakelou-katagegramenou-aftheretou.html,0.782,Αντίγραφα φακέλου καταγεγραμμένου αυθαιρέτου,Καταγγελία αυθαίρετης κατασκευής,,
βεβαιωση_κατοικιας,verified,Βεβαίωση Μόνιμης Κατοικίας Δημότη Ηρακλείου,https://eservices.heraklion.gr/e-services/municipal-roll/bebeosi-monimis-katoikias-dimoti.html,0.600,Βεβαίωση Μόνιμης Κατοικίας Δημότη Ηρακλείου,Μεταδημότευση λόγω διετούς κατοικίας,,
βλαβες_αρδευτικων_δικτυων,verified,Βλάβες αρδευτικών δικτύων,https://eservices.heraklion.gr/e-services/technical-services/blabes-ardeutikou-diktiou.html,1.000,Βλάβες αρδευτικών δικτύων,Βλάβες του δικτύου δημοτικού φωτισμού,,
δημοτολογιο,verified,"Αλλαγή στοιχείων τέκνου λόγω υιοθεσίας, αναγνώρισης, πρόσληψης επωνύμου, πατρωνύμου και εγγραφή στα δημοτολόγια (με κωδικούς taxisnet)",https://eservices.heraklion.gr/e-services/municipal-roll/change-personal-data-child-adoption.html,0.244,"Αλλαγή στοιχείων τέκνου λόγω υιοθεσίας, αναγνώρισης, πρόσληψης επωνύμου, πατρωνύμου και εγγραφή στα δημοτολόγια (με κωδικούς taxisnet)",Μεταδημότευση λόγω αρχικής δημοτικότητας,,
εγγραφη_αλλοδαπων_ελληνικη_ιθαγενεια,verified,"Εγγραφή Αλλοδαπών που αποκτούν την Ελληνική Ιθαγένεια με πολιτογράφηση και τέκνων λόγω γέννησης - φοίτησης, φοίτησης",https://eservices.heraklion.gr/e-services/municipal-roll/record-naturalization.html,0.595,"Εγγραφή Αλλοδαπών που αποκτούν την Ελληνική Ιθαγένεια με πολιτογράφηση και τέκνων λόγω γέννησης - φοίτησης, φοίτησης",Άδεια Πολιτικού Γάμου για Αλλοδαπούς,,
εγκριση_προσληψης_προσωπικου_μφπαδ,verified,Κατάθεση Δικαιολογητικών Μ.Φ.Π.Α.&Δ. Για την έγκριση πρόσληψης προσωπικού,https://eservices.heraklion.gr/e-services/epidomatikh-politikh/katathesi-dikaiologitika-mfpa.html,0.640,Κατάθεση Δικαιολογητικών Μ.Φ.Π.Α.&Δ. Για την έγκριση πρόσληψης προσωπικού,Έγκριση από ΣΥ.ΠΟ.Θ.Α. ( για διαφορά ειδικού προστίμου >20% δήλωσης υπαγωγής),,
ενιαια_αδεια_ιδρυσης_μφπαδ,verified,Χορήγηση ενιαίας άδειας ίδρυσης-αναθεώρησης και λειτουργίας μονάδας φροντίδας προσχολικής αγωγής και διαπαιδαγώγησης,https://eservices.heraklion.gr/e-services/epidomatikh-politikh/xorigisi-enieas-adias-idrisis-mfpad.html,0.345,Χορήγηση αναθεώρησης - ενιαίας άδειας ίδρυσης και λειτουργίας μονάδας φροντίδας προσχολικής αγωγής και διαπαιδαγώγησης,Χορήγηση ενιαίας άδειας ίδρυσης-αναθεώρησης και λειτουργίας μονάδας φροντίδας προσχολικής αγωγής και διαπαιδαγώγησης,ήταν στη γενική σελίδα ΜΦΠΑΔ,
ενσταση_πολεοδομικης_μελετης,verified,Ένσταση (μελέτης κτηματογράφησης ή μελέτης πολεοδόμησης ή τροποποίησης ρυμοτομικού σχεδίου),https://eservices.heraklion.gr/e-services/town-planning/enstasi-meleti-ktimatografisis.html,0.561,Ένσταση (μελέτης κτηματογράφησης ή μελέτης πολεοδόμησης ή τροποποίησης ρυμοτομικού σχεδίου),Υποβολή δήλωσης ιδιοκτησίας σε πολεοδομική μελέτη,,
ηλεκτρονικη_εξοφληση_λογαριασμου_δευαη,verified,Ηλεκτρονική Εξόφληση Λογαριασμού ΔΕΥΑΗ,https://eservices.heraklion.gr/e-services/deyah/deyah-exoflisi.html,1.000,Ηλεκτρονική Εξόφληση Λογαριασμού ΔΕΥΑΗ,Ηλεκτρονικές Πληρωμές Οφειλών,,
θεματα_εκθεσεων_αυτοψιας,verified,"Θέματα Εκθέσεων Αυτοψίας (Ένσταση, Αποδοχή, Διαγραφή, Αναστολή Προστίμου Δήλωση κατεδάφισης)",https://eservices.heraklion.gr/e-services/town-planning/themata-ekthesewn-autopsias.html,0.492,"Θέματα Εκθέσεων Αυτοψίας (Ένσταση, Αποδοχή, Διαγραφή, Αναστολή Προστίμου Δήλωση κατεδάφισης)",Έκδοση Έκθεσης Αυτοψίας για Νομιμοποίηση,,
καθαρισμος_οικοπεδου_πυροπροστασια,verified,Καθαρισμός δημοτικών οικοπέδων - Αποψίλωση,https://eservices.heraklion.gr/e-services/cleanness/katharismos-dhmotikon-oikopedon-apopsilosi.html,0.547,Καθαρισμός δημοτικών οικοπέδων - Αποψίλωση,Αίτημα για οδοκαθαρισμό,,
καταγγελια_αλλα_θεματα,verified,Καταγγελία για άλλα θέματα,https://eservices.heraklion.gr/e-services/municipal-police/kataggelia-gia-alla-themata.html,0.981,Καταγγελία για άλλα θέματα,Καταγγελία αυθαίρετης κατασκευής,,
ογκοδεματα,verified,Απομάκρυνση ογκωδών αντικειμένων με ραντεβού,https://eservices.heraklion.gr/e-services/cleanness/apomakrinsi-ogkodwn-antikimenwn.html,0.274,Καταγγελία για άλλα θέματα,Γενική αίτηση για θέματα Κ.Ο.Κ,ήταν στη σελίδα 404· η «με ραντεβού» δουλεύει,
παγκακια,verified,"Αιτήματα για Συντήρηση και τοποθέτηση αστικού εξοπλισμού προαυλίων Χώρων σε Σχολεία (παγκάκια ,μπασκέτες ,παιχνίδια )",https://eservices.heraklion.gr/e-services/technical-services/aitimata-sintirisis-topothetisi-astikou-eksoplismou-proaulion-xoron-sxolia.html,0.303,"Αιτήματα για Συντήρηση και τοποθέτηση αστικού εξοπλισμού προαυλίων Χώρων σε Σχολεία (παγκάκια ,μπασκέτες ,παιχνίδια )",Αίτηση μη παράδοσης πινακίδων,,
πιστοποιητικο_εντοπιοτητας,verified,Χορήγηση Πιστοποιητικού Εντοπιότητας (αφορά μόνο εκπαιδευτικούς),https://eservices.heraklion.gr/e-services/municipal-roll/xorogisi-pistop-entopoiotitas.html,0.609,Χορήγηση Πιστοποιητικού Εντοπιότητας (αφορά μόνο εκπαιδευτικούς),Χορήγηση Πιστοποιητικού Γέννησης,,
πλησιεστεροι_συγγενεις,verified,Χορήγηση Πιστοποιητικού πλησιέστερων συγγενών,https://eservices.heraklion.gr/e-services/municipal-roll/xorigisi-pistopoitikou-plisiesterwn-suggenon.html,0.629,Χορήγηση Πιστοποιητικού πλησιέστερων συγγενών,Αίτηση για Οικογενειακή Βοήθεια κατ'οίκον,,
πρασινο_δενδρα,verified,Απομάκρυνση - κοπή δένδρων σε κοινόχρηστους χώρους,https://eservices.heraklion.gr/e-services/technical-services/apomakrinsi-kopi-dentron-se-koinoxristous-xorous.html,0.298,Κλάδεμα δένδρων σε κοινόχρηστους χώρους,Απομάκρυνση - κοπή δένδρων σε κοινόχρηστους χώρους,,
τροποποιηση_σχεδιου_πολης,verified,Τροποποίηση σχεδίου πόλης,https://eservices.heraklion.gr/e-services/town-planning/tropopoihsi-sxediou-polis.html,1.000,Τροποποίηση σχεδίου πόλης,Τροποποίηση τετραγωνικών κοινόχρηστου χώρου,,
