"intent","ενέργεια","υπηρεσία","url","ενότητα","σημείωση"
"άδειας_διοργάνωσης_έκθεσης_ζώων_συντροφιάς","ΝΕΟ","Έκδοση άδειας διοργάνωσης έκθεσης ζώων συντροφιάς","https://eservices.heraklion.gr/e-services/katasthmata/ekthesh-zwwn.html","Αγροτικής ανάπτυξης","ΜΠΛΕ στο PDF αλλά χωρίς σημειωμένο intent — επιβεβαίωσε"
"μονάδες_φροντίδας_προσχολικής_αγωγής_διαπαιδαγώγησης","ΝΕΟ","Μονάδες Φροντίδας Προσχολικής Αγωγής & Διαπαιδαγώγησης","https://eservices.heraklion.gr/e-services/idiwtikoi-paidikoi-stathmoi.html","Αδειοδότηση & έλεγχος βρεφονηπιακών σταθμών",""
"αδειοδότηση_αθλητικών_εγκαταστάσεων","ΝΕΟ","Αδειοδότηση Αθλητικών Εγκαταστάσεων","https://eservices.heraklion.gr/e-services/sports/sportslicence.html","Αδειοδότηση αθλητικών αγκαταστάσεων",""
"ένστασης_αντίρρησης_παράνομη_στάθμευση","ΝΕΟ","Κατάθεση Ένστασης - Αντίρρησης για παράνομη στάθμευση","https://eservices.heraklion.gr/e-services/municipal-police/katathesi-enstasis-antirisis-gia-paranomi-stathmeusi.html","Δημοτική αστυνομία",""
"απομάκρυνση_εγκαταλελειμμένων_οχημάτων","ΝΕΟ","Απομάκρυνση Εγκαταλελειμμένων Οχημάτων","https://eservices.heraklion.gr/e-services/municipal-police/egkatalelimena-oximata.html","Δημοτική αστυνομία",""
"επιστροφής_πινακίδων","ΝΕΟ","Αίτηση επιστροφής πινακίδων","https://eservices.heraklion.gr/e-services/municipal-police/aitisi-epistrofis-pinakidon.html","Δημοτική αστυνομία",""
"καταγγελία_λαϊκές_αγορές_πλανόδιο_υπαίθριο","ΝΕΟ","Καταγγελία (Λαϊκές αγορές-Πλανόδιο-Υπαίθριο εμπόριο","https://eservices.heraklion.gr/e-services/municipal-police/kataggelia-laikes.html","Δημοτική αστυνομία",""
"καταγγελίες_εγκαταλελειμμένα_κτίρια","ΝΕΟ","Καταγγελίες (Εγκαταλελειμμένα κτίρια)","https://eservices.heraklion.gr/e-services/municipal-police/kataggelia-paravasis-kok.html","Δημοτική αστυνομία",""
"καταγγελίες_εμπόδια_οδόστρωμα","ΝΕΟ","Καταγγελίες (Εμπόδια στο οδόστρωμα)","https://eservices.heraklion.gr/e-services/municipal-police/kataggelia-paravasis-kok.html","Δημοτική αστυνομία","ΜΠΛΕ στο PDF αλλά χωρίς σημειωμένο intent — επιβεβαίωσε"
"καταγγελίες_παραβάσεις_κ_κ","ΝΕΟ","Καταγγελίες (Παραβάσεις Κ.Ο.Κ.)","https://eservices.heraklion.gr/e-services/municipal-police/kataggelia-paravasis-kok.html","Δημοτική αστυνομία","ΜΠΛΕ στο PDF αλλά χωρίς σημειωμένο intent — επιβεβαίωσε"
"μη_παράδοσης_πινακίδων","ΝΕΟ","Αίτηση μη παράδοσης πινακίδων","https://eservices.heraklion.gr/e-services/municipal-police/aitisi-mi-paradosis-pinakidon.html","Δημοτική αστυνομία",""
"επίσκεψη_μαια","ΝΕΟ","Επίσκεψη στη ΜΑΙΑ","https://eservices.heraklion.gr/e-services/iatreio/maia.html","Δημοτικό ιατρείο",""
"άνοιγμα_μερίδας_δημότη_λόγω_διαζυγίου","ΝΕΟ","Άνοιγμα μερίδας δημότη – λόγω διαζυγίου (με διαζύγιο που έχει καταχωρηθεί στην ληξιαρχική πράξη γάμου μέχρι το έτος 2017)","https://eservices.heraklion.gr/e-services/municipal-roll/anigma-meridas-dimoti-logo-diazigiou.html","Δημοτολόγιο",""
"διόρθωση_ηλικίας","ΝΕΟ","Διόρθωση ηλικίας","https://eservices.heraklion.gr/e-services/municipal-roll/diorthosi-ilikias.html","Δημοτολόγιο",""
"διόρθωση_κυρίου_ονόματος","ΝΕΟ","Διόρθωση κυρίου ονόματος","https://eservices.heraklion.gr/e-services/municipal-roll/diorthosi-kiriou-onomatos.html","Δημοτολόγιο",""
"διόρθωση_τόπου_γέννησης","ΝΕΟ","Διόρθωση τόπου γέννησης","https://eservices.heraklion.gr/e-services/municipal-roll/diorthosi-topou-gennisis.html","Δημοτολόγιο",""
"εγγραφή_αλλοδαπών_που_αποκτούν_ελληνική","ΝΕΟ","Εγγραφή Αλλοδαπών που αποκτούν την Ελληνική Ιθαγένεια με πολιτογράφηση και τέκνων λόγω γέννησης - φοίτησης, φοίτησης","https://eservices.heraklion.gr/e-services/municipal-roll/record-naturalization.html","Δημοτολόγιο","ΜΠΛΕ στο PDF αλλά χωρίς σημειωμένο intent — επιβεβαίωσε"
"μεταδημότευση_αγάμου","ΝΕΟ","Μεταδημότευση αγάμου","https://eservices.heraklion.gr/e-services/municipal-roll/metadimotefsi-unmarried.html","Δημοτολόγιο","ΜΠΛΕ στο PDF αλλά χωρίς σημειωμένο intent — επιβεβαίωσε"
"μεταδημότευση_λόγω_αρχικής_δημοτικότητας","ΝΕΟ","Μεταδημότευση λόγω αρχικής δημοτικότητας","https://eservices.heraklion.gr/e-services/municipal-roll/metadimoteusi-logo-arxis-dimotikotitas.html","Δημοτολόγιο","ΜΠΛΕ στο PDF αλλά χωρίς σημειωμένο intent — επιβεβαίωσε"
"μεταδημότευση_λόγω_διετούς_κατοικίας","ΝΕΟ","Μεταδημότευση λόγω διετούς κατοικίας","https://eservices.heraklion.gr/e-services/municipal-roll/metadimoteusi-logo-dietous-katikias.html","Δημοτολόγιο",""
"μεταδημότευση_λόγω_υποψηφιότητας_εκλογές","ΝΕΟ","Μεταδημότευση λόγω υποψηφιότητας σε εκλογές","https://eservices.heraklion.gr/e-services/municipal-roll/metadimoteusi-logo-ipopsifiotitas-ekloges.html","Δημοτολόγιο","ΜΠΛΕ στο PDF αλλά χωρίς σημειωμένο intent — επιβεβαίωσε"
"μεταδημότευση_συζύγου_λόγω_γάμου_συμφώνου","ΝΕΟ","Μεταδημότευση της/του συζύγου (λόγω γάμου ή συμφώνου συμβίωσης όταν ένας από τους δύο είναι ήδη δημότης)","https://eservices.heraklion.gr/e-services/municipal-roll/metadimoteusi-suzigou.html","Δημοτολόγιο",""
"πιστοποιητικό_ταυτοπροσωπίας_ανηλίκων","ΝΕΟ","Πιστοποιητικό Ταυτοπροσωπίας Ανηλίκων","https://eservices.heraklion.gr/e-services/municipal-roll/certrification-of-identity.html","Δημοτολόγιο",""
"πιστοποιητικό_ταυτοπροσωπίας_ενήλικα","ΝΕΟ","Πιστοποιητικό Ταυτοπροσωπίας για Ενήλικα","https://eservices.heraklion.gr/e-services/municipal-roll/certification-of-identity-ekloges.html","Δημοτολόγιο",""
"αναθεώρησης_ενιαίας_άδειας_ίδρυσης_λειτουργίας","ΝΕΟ","Χορήγηση αναθεώρησης - ενιαίας άδειας ίδρυσης και λειτουργίας μονάδας φροντίδας προσχολικής αγωγής και διαπαιδαγώγησης","https://eservices.heraklion.gr/e-services/epidomatikh-politikh/xorigisi-adeias-idrisis-mfpad.html","Εφαρμογής επιδοματικής πολιτικής και ελέγχου","ΜΠΛΕ στο PDF αλλά χωρίς σημειωμένο intent — επιβεβαίωσε"
"γενική_αίτηση_θέματα_επιδομάτων","ΝΕΟ","Γενική Αίτηση για θέματα Επιδομάτων","https://eservices.heraklion.gr/e-services/epidomatikh-politikh/geniki-aitisi.html","Εφαρμογής επιδοματικής πολιτικής και ελέγχου",""
"δικαιολογητικών_μ_φ_π_α","ΝΕΟ","Κατάθεση Δικαιολογητικών Μ.Φ.Π.Α.&Δ. Για την έγκριση πρόσληψης προσωπικού","https://eservices.heraklion.gr/e-services/epidomatikh-politikh/katathesi-dikaiologitika-mfpa.html","Εφαρμογής επιδοματικής πολιτικής και ελέγχου","ΜΠΛΕ στο PDF αλλά χωρίς σημειωμένο intent — επιβεβαίωσε"
"ενιαίας_άδειας_ίδρυσης_αναθεώρησης_λειτουργίας","ΝΕΟ","Χορήγηση ενιαίας άδειας ίδρυσης-αναθεώρησης και λειτουργίας μονάδας φροντίδας προσχολικής αγωγής και διαπαιδαγώγησης","https://eservices.heraklion.gr/e-services/epidomatikh-politikh/xorigisi-enieas-adias-idrisis-mfpad.html","Εφαρμογής επιδοματικής πολιτικής και ελέγχου","ΜΠΛΕ στο PDF αλλά χωρίς σημειωμένο intent — επιβεβαίωσε"
"πιστοποιητικού_οικονομικής_αδυναμίας","ΝΕΟ","Χορήγηση πιστοποιητικού οικονομικής αδυναμίας","https://eservices.heraklion.gr/e-services/epidomatikh-politikh/xorigisi-pistop-oik-adinamias.html","Εφαρμογής επιδοματικής πολιτικής και ελέγχου",""
"υδ_παροχή_δωρεάν_φαρμακευτικής_περίθαλψης","ΝΕΟ","Αίτηση - ΥΔ για παροχή δωρεάν φαρμακευτικής περίθαλψης σε ανασφάλιστου","https://eservices.heraklion.gr/e-services/epidomatikh-politikh/aitisi-yd-paroxi-farmakeu-perithalpsi.html","Εφαρμογής επιδοματικής πολιτικής και ελέγχου",""
"χορήγησης_οικονομικής_ενίσχυσης_πληγέντες_δήμου","ΝΕΟ","Αίτηση χορήγησης οικονομικής ενίσχυσης στους πληγέντες του Δήμου Ηρακλείου για τη φυσική καταστροφή της .../.../20","https://eservices.heraklion.gr/e-services/epidomatikh-politikh/aitisi-xorigisis-oik-enisx-pligentes-dimou.html","Εφαρμογής επιδοματικής πολιτικής και ελέγχου",""
"εργοθεραπεία","ΝΕΟ","Αίτηση για Εργοθεραπεία","https://eservices.heraklion.gr/e-services/epidomatikh-politikh/aitisi-ergotherapia.html","ΚΑΠΗ-κέντρα κοινοτικής φροντίδας",""
"εργοθεραπεία_κατ_οίκον","ΝΕΟ","Αίτηση για Εργοθεραπεία κατ'οίκον","https://eservices.heraklion.gr/e-services/epidomatikh-politikh/aitisi-ergotherapia-kat-oikon.html","ΚΑΠΗ-κέντρα κοινοτικής φροντίδας",""
"ιατρονοσηλευτική","ΝΕΟ","Αίτηση για Ιατρονοσηλευτική","https://eservices.heraklion.gr/e-services/epidomatikh-politikh/aitisi-iatronosileutiki.html","ΚΑΠΗ-κέντρα κοινοτικής φροντίδας","ΜΠΛΕ στο PDF αλλά χωρίς σημειωμένο intent — επιβεβαίωσε"
"ιατρονοσηλευτική_κατ_οίκον","ΝΕΟ","Αίτηση για Ιατρονοσηλευτική κατ'οίκον","https://eservices.heraklion.gr/e-services/epidomatikh-politikh/aitisi-iatronosileutiki-kat-oikon.html","ΚΑΠΗ-κέντρα κοινοτικής φροντίδας",""
"κοινωνική_εργασία","ΝΕΟ","Αίτηση για Κοινωνική Εργασία","https://eservices.heraklion.gr/e-services/epidomatikh-politikh/aitisi-koinoniki-ergasia.html","ΚΑΠΗ-κέντρα κοινοτικής φροντίδας",""
"κοινωνική_εργασία_κατ_οίκον","ΝΕΟ","Αίτηση για Κοινωνική Εργασία κατ'οίκον","https://eservices.heraklion.gr/e-services/epidomatikh-politikh/aitisi-koinoniki-ergasia-kat-oikon.html","ΚΑΠΗ-κέντρα κοινοτικής φροντίδας",""
"οικογενειακή_βοήθεια_κατ_οίκον","ΝΕΟ","Αίτηση για Οικογενειακή Βοήθεια κατ'οίκον","https://eservices.heraklion.gr/e-services/epidomatikh-politikh/aitisi-oikogeniaki-boithia-kat-oikon.html","ΚΑΠΗ-κέντρα κοινοτικής φροντίδας",""
"φυσικοθεραπεία","ΝΕΟ","Αίτηση για Φυσικοθεραπεία","https://eservices.heraklion.gr/e-services/epidomatikh-politikh/aitisi-fysikotherapia.html","ΚΑΠΗ-κέντρα κοινοτικής φροντίδας",""
"φυσικοθεραπεία_κατ_οίκον","ΝΕΟ","Αίτηση για Φυσικοθεραπεία κατ'οίκον","https://eservices.heraklion.gr/e-services/epidomatikh-politikh/aitisi-fisikotherapia-kat-oikon.html","ΚΑΠΗ-κέντρα κοινοτικής φροντίδας","ΜΠΛΕ στο PDF αλλά χωρίς σημειωμένο intent — επιβεβαίωσε"
"ένστασης_πρόστιμο_καθαριότητας","ΝΕΟ","Κατάθεση ένστασης για πρόστιμο καθαριότητας","https://eservices.heraklion.gr/e-services/cleanness/katathesi-enstasis-prostimo-kathariotitas.html","Καθαριότητα",""
"γενικό_αίτημα_καθαριότητας","ΝΕΟ","Γενικό αίτημα καθαριότητας","https://eservices.heraklion.gr/e-services/cleanness/geniko-aitima-kathariotitas.html","Καθαριότητα",""
"καθαρισμός_δημοτικών_οικοπέδων_αποψίλωση","ΝΕΟ","Καθαρισμός δημοτικών οικοπέδων - Αποψίλωση","https://eservices.heraklion.gr/e-services/cleanness/katharismos-dhmotikon-oikopedon-apopsilosi.html","Καθαριότητα","ΜΠΛΕ στο PDF αλλά χωρίς σημειωμένο intent — επιβεβαίωσε"
"καθαριότητα_κοινόχρηστου_χώρου","ΝΕΟ","Αίτημα για καθαριότητα κοινόχρηστου χώρου","https://eservices.heraklion.gr/e-services/cleanness/aitima-kathariotita-koinoxristou-xwrou.html","Καθαριότητα",""
"μετακίνηση_μεταφορά_τοποθέτηση_κάδων_απορριμάτων","ΝΕΟ","Μετακίνηση, μεταφορά και τοποθέτηση κάδων απορριμάτων και ανακύκλωσης","https://eservices.heraklion.gr/e-services/cleanness/metakinisi-metafora-topothetisi-kadwn.html","Καθαριότητα",""
"οδοκαθαρισμό","ΝΕΟ","Αίτημα για οδοκαθαρισμό","https://eservices.heraklion.gr/e-services/cleanness/aitima-odokathrismos.html","Καθαριότητα",""
"βύθισης_υποβιβασμού_πεζοδρομίου","ΝΕΟ","Χορήγηση άδειας βύθισης ή υποβιβασμού πεζοδρομίου","https://eservices.heraklion.gr/e-services/technical-services/xorogisi-adias-bithisis.html","Κοινόχρηστοι χώροι",""
"κατασκευής_πεζοδρομίου","ΝΕΟ","Χορήγηση άδειας κατασκευής πεζοδρομίου","https://eservices.heraklion.gr/e-services/technical-services/xorigisi-adias-kataskeuis-pezodromiou.html","Κοινόχρηστοι χώροι",""
"χρήσης_κοινόχρηστου_χώρου_τοποθέτηση_κάδου","ΝΕΟ","Χορήγηση άδειας χρήσης κοινόχρηστου χώρου για τοποθέτηση κάδου οικοδομικών υπολειμμάτων σε οδόστρωμα","","Κοινόχρηστοι χώροι","URL: δεν βρέθηκε· ΜΠΛΕ στο PDF αλλά χωρίς σημειωμένο intent — επιβεβαίωσε"
"χρήσης_κοινόχρηστου_χώρου_τοποθέτηση_περίφραξης","ΝΕΟ","Χορήγηση άδειας χρήσης κοινόχρηστου χώρου για τοποθέτηση περίφραξης σε οδόστρωμα","","Κοινόχρηστοι χώροι","URL: δεν βρέθηκε· ΜΠΛΕ στο PDF αλλά χωρίς σημειωμένο intent — επιβεβαίωσε"
"λαϊκές_αγορές_ημέρες_οδοί_λειτουργίας","ΝΕΟ","Λαϊκές Αγορές: Ημέρες και οδοί λειτουργίας στον Δήμο Ηρακλείου","https://eservices.heraklion.gr/e-services/laikes-agores/laikes-agores-hrakleiou.html","Λαϊκές αγορές",""
"αντιγράφου_ληξιαρχικής_πράξης_γεννήσεως","ΝΕΟ","Χορήγηση αντιγράφου Ληξιαρχικής Πράξης Γεννήσεως","https://eservices.heraklion.gr/e-services/register/liksiarxikis-praksis-genisis.html","Ληξιαρχείο","ΜΠΛΕ στο PDF αλλά χωρίς σημειωμένο intent — επιβεβαίωσε"
"αντιγράφου_ληξιαρχικής_πράξης_συμφώνου_συμβίωσης","ΝΕΟ","Χορήγηση αντιγράφου Ληξιαρχικής Πράξης Συμφώνου Συμβίωσης","https://eservices.heraklion.gr/e-services/register/praksi-symfwnou-simbiwsis.html","Ληξιαρχείο",""
"δήλωση_βάπτισης_άρθρο_ν","ΝΕΟ","Δήλωση Βάπτισης (άρθρο 26 & 27 ν.344/1976)","https://eservices.heraklion.gr/e-services/register/dilosibaptisi.html","Ληξιαρχείο",""
"δήλωση_γέννησης_άρθρα_α_ν","ΝΕΟ","Δήλωση γέννησης (άρθρα 20, 21 Α και 23 ν.344/1976)","https://eservices.heraklion.gr/e-services/register/dilosigennisis.html","Ληξιαρχείο",""
"δήλωση_διαζυγίου_άρθρα_α_κ","ΝΕΟ","Δήλωση Διαζυγίου (άρθρα 1438 Α.Κ. και 1441 Α.Κ. όπως αντικαταστάθηκε με το άρθρο 4 του ν.4800/21.5.2021 και 14 του ν.344/1976)","https://eservices.heraklion.gr/e-services/register/dilosidiazigiou.html","Ληξιαρχείο",""
"δήλωση_ονοματοδοσίας_άρθρο_ν","ΝΕΟ","Δήλωση Ονοματοδοσίας (άρθρο 25 ν. 344/1976)","https://eservices.heraklion.gr/e-services/register/dilosionomatodosia.html","Ληξιαρχείο",""
"μεταβολές_ληξιαρχικών_πράξεων","ΝΕΟ","Μεταβολές Ληξιαρχικών Πράξεων(άρθρο 14 ν. 344/1976)","https://eservices.heraklion.gr/e-services/register/metaboles.html","Ληξιαρχείο",""
"σύμφωνο_συμβίωσης_ν","ΝΕΟ","Σύμφωνο Συμβίωσης (Ν.4356/2015)","https://eservices.heraklion.gr/e-services/register/simfonosimviosis.html","Ληξιαρχείο","ΜΠΛΕ στο PDF αλλά χωρίς σημειωμένο intent — επιβεβαίωσε"
"απαλλαγή_προσαυξήσεων_βεβαιωμένης_οφειλής","ΝΕΟ","Απαλλαγή προσαυξήσεων βεβαιωμένης οφειλής","https://eservices.heraklion.gr/e-services/economic-services/apalagi-prosauksisewn.html","Οικονομική υπηρεσία","ΜΠΛΕ στο PDF αλλά χωρίς σημειωμένο intent — επιβεβαίωσε"
"ασφαλιστική_ενημερότητα_δήμου","ΝΕΟ","Ασφαλιστική ενημερότητα του Δήμου","https://eservices.heraklion.gr/e-services/economic-services/asfalistiki-enimerotita-dimou.html","Οικονομική υπηρεσία","ΜΠΛΕ στο PDF αλλά χωρίς σημειωμένο intent — επιβεβαίωσε"
"βεβαίωση_παρακράτησης_φόρου","ΝΕΟ","Βεβαίωση παρακράτησης φόρου (για προμηθευτές)","https://eservices.heraklion.gr/e-services/economic-services/bebeosi-parakratisis-forou.html","Οικονομική υπηρεσία","ΜΠΛΕ στο PDF αλλά χωρίς σημειωμένο intent — επιβεβαίωσε"
"βεβαίωση_περί_μη_οφειλών","ΝΕΟ","Βεβαίωση περί μη οφειλών (προσκύρωσης, αυθαίρετης κατασκευής εισφοράς σχεδίου πόλης)","https://eservices.heraklion.gr/e-services/economic-services/peri-mi-ofeilwn.html","Οικονομική υπηρεσία","ΜΠΛΕ στο PDF αλλά χωρίς σημειωμένο intent — επιβεβαίωσε"
"βεβαίωση_πληρωμών_προσκύρωσης_εισφοράς_σχεδίου","ΝΕΟ","Βεβαίωση πληρωμών (προσκύρωσης, εισφοράς σχεδίου πόλης, προστίμου αυθαίρετης κατασκευής)","https://eservices.heraklion.gr/e-services/economic-services/bebeosi-plhromon.html","Οικονομική υπηρεσία","ΜΠΛΕ στο PDF αλλά χωρίς σημειωμένο intent — επιβεβαίωσε"
"δημοτικής_ενημερότητας","ΝΕΟ","Έκδοση δημοτικής ενημερότητας","https://eservices.heraklion.gr/e-services/economic-services/ekdosi-dhm-enhmerotitas.html","Οικονομική υπηρεσία","ΜΠΛΕ στο PDF αλλά χωρίς σημειωμένο intent — επιβεβαίωσε· ΙΔΙΟ ΜΕ «δημοτική_ενημερότητα» — επαναχρησιμοποίησέ το"
"δημοτικής_ενημερότητας_βεβαιωμένων_χρεών","ΝΕΟ","Έκδοση Δημοτικής Ενημερότητας Βεβαιωμένων Χρεών","https://eservices.heraklion.gr/e-services/economic-services/ekdosi-dimotikis-enimerotitas-bebeomenon-xreon.html","Οικονομική υπηρεσία","ΜΠΛΕ στο PDF αλλά χωρίς σημειωμένο intent — επιβεβαίωσε· ΙΔΙΟ ΜΕ «δημοτική_ενημερότητα» — επαναχρησιμοποίησέ το"
"διαγραφή_οφειλής","ΝΕΟ","Διαγραφή οφειλής","https://eservices.heraklion.gr/e-services/economic-services/diagrafi-ofilis.html","Οικονομική υπηρεσία","ΜΠΛΕ στο PDF αλλά χωρίς σημειωμένο intent — επιβεβαίωσε"
"διακανονισμός_οφειλής_νομικό_πρόσωπο","ΝΕΟ","Διακανονισμός οφειλής (Για νομικό πρόσωπο)","https://eservices.heraklion.gr/e-services/economic-services/diakanonismos-ofilis.html","Οικονομική υπηρεσία","ΜΠΛΕ στο PDF αλλά χωρίς σημειωμένο intent — επιβεβαίωσε"
"διακανονισμός_οφειλής_φυσικό_πρόσωπο","ΝΕΟ","Διακανονισμός οφειλής (Για φυσικό πρόσωπο)","https://eservices.heraklion.gr/e-services/economic-services/diakanonismos-ofilis.html","Οικονομική υπηρεσία","ΜΠΛΕ στο PDF αλλά χωρίς σημειωμένο intent — επιβεβαίωσε"
"επιστροφή_χρημάτων","ΝΕΟ","Επιστροφή χρημάτων","https://eservices.heraklion.gr/e-services/economic-services/epistrofi-xrimatwn.html","Οικονομική υπηρεσία","ΜΠΛΕ στο PDF αλλά χωρίς σημειωμένο intent — επιβεβαίωσε"
"ετήσιων_αδειών_κοινόχρηστων_χώρων","ΝΕΟ","Έκδοση ετήσιων αδειών κοινόχρηστων χώρων","https://eservices.heraklion.gr/e-services/economic-services/annual-public-places-permit-usage.html","Οικονομική υπηρεσία","ΜΠΛΕ στο PDF αλλά χωρίς σημειωμένο intent — επιβεβαίωσε"
"ηλεκτρονικές_πληρωμές_οφειλών","ΝΕΟ","Ηλεκτρονικές Πληρωμές Οφειλών","https://eservices.heraklion.gr/e-services/e-pay/e-pay.html","Οικονομική υπηρεσία","ΜΠΛΕ στο PDF αλλά χωρίς σημειωμένο intent — επιβεβαίωσε"
"κατασχέσεις","ΝΕΟ","Κατασχέσεις","https://eservices.heraklion.gr/e-services/economic-services/katasxesis.html","Οικονομική υπηρεσία","ΜΠΛΕ στο PDF αλλά χωρίς σημειωμένο intent — επιβεβαίωσε"
"κοινόχρηστων_χώρων_ετήσιες","ΝΕΟ","Έκδοση αδειών κοινόχρηστων χώρων - Ετήσιες","https://eservices.heraklion.gr/e-services/year.html","Οικονομική υπηρεσία",""
"παραβάσεις_κοκ_πρόστιμα","ΝΕΟ","Παραβάσεις ΚΟΚ και πρόστιμα","https://eservices.heraklion.gr/e-services/economic-services/kok-violations.html","Οικονομική υπηρεσία","ΜΠΛΕ στο PDF αλλά χωρίς σημειωμένο intent — επιβεβαίωσε"
"τροποποίηση_τετραγωνικών_κοινόχρηστου_χώρου","ΝΕΟ","Τροποποίηση τετραγωνικών κοινόχρηστου χώρου","https://eservices.heraklion.gr/e-services/tetragwnika-koinoxrhstou.html","Οικονομική υπηρεσία",""
"έγκριση_συ_πο_θ_α","ΝΕΟ","Έγκριση από ΣΥ.ΠΟ.Θ.Α. ( για διαφορά ειδικού προστίμου >20% δήλωσης υπαγωγής)","https://eservices.heraklion.gr/e-services/town-planning/egkrish-apo-SYPOTHA.html","Πολεοδομία",""
"έκθεσης_αυτοψίας_νομιμοποίηση","ΝΕΟ","Έκδοση Έκθεσης Αυτοψίας για Νομιμοποίηση","https://eservices.heraklion.gr/e-services/town-planning/ekdosh-ekthesis-autopsias-nomimopoihsi.html","Πολεοδομία",""
"έλεγχος_επικινδυνότητας_κατασκευών","ΝΕΟ","Έλεγχος επικινδυνότητας κατασκευών","https://eservices.heraklion.gr/e-services/town-planning/elegxos-epikindinotitas-kataskeuwn.html","Πολεοδομία",""
"αντίγραφα_φακέλου_καταγεγραμμένου_αυθαιρέτου","ΝΕΟ","Αντίγραφα φακέλου καταγεγραμμένου αυθαιρέτου","https://eservices.heraklion.gr/e-services/town-planning/antigrafo-fakelou-katagegramenou-aftheretou.html","Πολεοδομία","ΜΠΛΕ στο PDF αλλά χωρίς σημειωμένο intent — επιβεβαίωσε"
"δήλωσης_ιδιοκτησίας_πολεοδομική_μελέτη","ΝΕΟ","Υποβολή δήλωσης ιδιοκτησίας σε πολεοδομική μελέτη","https://eservices.heraklion.gr/e-services/town-planning/upoboli-dilosis-idioktisias-poleodomiki-meleti-.html","Πολεοδομία",""
"εκθέσεων_αυτοψίας_ένσταση_αποδοχή_διαγραφή","ΝΕΟ","Θέματα Εκθέσεων Αυτοψίας (Ένσταση, Αποδοχή, Διαγραφή, Αναστολή Προστίμου Δήλωση κατεδάφισης)","https://eservices.heraklion.gr/e-services/town-planning/themata-ekthesewn-autopsias.html","Πολεοδομία","ΜΠΛΕ στο PDF αλλά χωρίς σημειωμένο intent — επιβεβαίωσε"
"καταγγελία_αυθαίρετης_κατασκευής","ΝΕΟ","Καταγγελία αυθαίρετης κατασκευής","https://eservices.heraklion.gr/e-services/town-planning/kataggelia-autheretis-kataskeuis.html","Πολεοδομία",""
"πεκ_πιστοποιητικό_ελέγχου_κατασκευής","ΝΕΟ","Έκδοση ΠΕΚ (Πιστοποιητικό Ελέγχου Κατασκευής)","https://eservices.heraklion.gr/e-services/town-planning/ekdosh-PEK.html","Πολεοδομία",""
"τροποποίησης_λόγω_αυτοδίκαιης_άρσης_ρυμοτομικής","ΝΕΟ","Αίτημα τροποποίησης λόγω αυτοδίκαιης άρσης ρυμοτομικής απαλλοτρίωσης/δέσμευσης","https://eservices.heraklion.gr/e-services/town-planning/aitima-tropopoihsis-logo-aytodikaihs-arsis-rumotomikis-apallotriosis.html","Πολεοδομία",""
"άδεια_πολιτικού_γάμου_έλληνες_πολίτες","ΝΕΟ","Άδεια Πολιτικού Γάμου για Έλληνες Πολίτες","https://eservices.heraklion.gr/e-services/civil-marriages/gamoi.html","Πολιτικοί γάμοι",""
"άδεια_πολιτικού_γάμου_αλλοδαπούς","ΝΕΟ","Άδεια Πολιτικού Γάμου για Αλλοδαπούς","https://eservices.heraklion.gr/e-services/civil-marriages/marriage-foreigners.html","Πολιτικοί γάμοι",""
"τέλεσης_πολιτικού_γάμου_μετά_έκδοση","ΝΕΟ","Αίτηση Τέλεσης Πολιτικού Γάμου μετά την έκδοση των αδειών","https://eservices.heraklion.gr/e-services/civil-marriages/marriage.html","Πολιτικοί γάμοι",""
"άδειας_ίδρυσης_λειτουργίας_ιδιωτικών_μουσικών","ΝΕΟ","Δικαιολογητικά Χορήγησης Άδειας ίδρυσης και λειτουργίας Ιδιωτικών Μουσικών Ιδρυμάτων και Χορωδιών κ.α","https://eservices.heraklion.gr/e-services/adeia-gia-moysika-idrymata/adeiodothsh-moysikwn-idrymatwn.html","Πολιτισμού",""
"απεντόμωση_κοινόχρηστους_χώρους","ΝΕΟ","Απεντόμωση σε κοινόχρηστους χώρους","https://eservices.heraklion.gr/e-services/technical-services/apentomosi-koinoxristo-xoro.html","Πράσινο",""
"απολύμανση_κτιρίων","ΝΕΟ","Απολύμανση κτιρίων","https://eservices.heraklion.gr/e-services/technical-services/apolimansi-ktirion.html","Πράσινο",""
"βλάβες_αρδευτικών_δικτύων","ΝΕΟ","Βλάβες αρδευτικών δικτύων","https://eservices.heraklion.gr/e-services/technical-services/blabes-ardeutikou-diktiou.html","Πράσινο","ΜΠΛΕ στο PDF αλλά χωρίς σημειωμένο intent — επιβεβαίωσε"
"καλλωπισμός_γενική_συντήρηση_κοινόχρηστους_χώρους","ΝΕΟ","Καλλωπισμός - Γενική συντήρηση σε κοινόχρηστους χώρους","https://eservices.heraklion.gr/e-services/technical-services/kalopismos-gen-syntirisi-koinoxristo-xoro.html","Πράσινο",""
"καταγγελία_δολιοφθορών","ΝΕΟ","Καταγγελία δολιοφθορών","https://eservices.heraklion.gr/e-services/technical-services/kataggelia-doliofthoras.html","Πράσινο",""
"καταπολέμησης_πιτυοκάμπης","ΝΕΟ","Αίτημα καταπολέμησης πιτυοκάμπης","https://eservices.heraklion.gr/e-services/technical-services/aitima-katapolemisis-pitiokampis.html","Πράσινο",""
"καταστροφή_απομάκρυνση_ζιζανίων","ΝΕΟ","Καταστροφή και απομάκρυνση ζιζανίων","https://eservices.heraklion.gr/e-services/technical-services/katastrofi-kai-apomakrinsi-zizanion.html","Πράσινο",""
"κλάδεμα_δένδρων_κοινόχρηστους_χώρους","ΝΕΟ","Κλάδεμα δένδρων σε κοινόχρηστους χώρους","https://eservices.heraklion.gr/e-services/technical-services/kladema-dentron-koinoxristous-xorous.html","Πράσινο","ΜΠΛΕ στο PDF αλλά χωρίς σημειωμένο intent — επιβεβαίωσε"
"μυοκτονία_κοινόχρηστους_χώρους","ΝΕΟ","Μυοκτονία σε κοινόχρηστους χώρους","https://eservices.heraklion.gr/e-services/technical-services/mioktonia-koinoxristo-xoro.html","Πράσινο","ΜΠΛΕ στο PDF αλλά χωρίς σημειωμένο intent — επιβεβαίωσε"
"προβλήματα_φυτοϋγείας","ΝΕΟ","Προβλήματα φυτοϋγείας","https://eservices.heraklion.gr/e-services/technical-services/problimata-fitoigias.html","Πράσινο",""
"φύτευση_κοινόχρηστους_χώρους","ΝΕΟ","Φύτευση σε κοινόχρηστους χώρους","https://eservices.heraklion.gr/e-services/technical-services/fiteusi-se-koinoxristo-xoro.html","Πράσινο",""
"ανελκυστήρων_καταχώρηση","ΝΕΟ","Δικαιολογητικά ανελκυστήρων για καταχώρηση","https://eservices.heraklion.gr/e-services/technical-services/TEXNIKHANELKISTIRAS.html","Τεχνική υπηρεσία",""
"βεβαίωσης_σήμανσης_οδών","ΝΕΟ","Χορήγηση βεβαίωσης σήμανσης οδών","https://eservices.heraklion.gr/e-services/technical-services/xorigisi-bebeosis-simansis-odon.html","Τεχνική υπηρεσία","ΜΠΛΕ στο PDF αλλά χωρίς σημειωμένο intent — επιβεβαίωσε"
"διάθεση_σήματος_στάθμευσης_μονίμου_κατοίκου","ΝΕΟ","Αίτηση για διάθεση σήματος στάθμευσης μονίμου κατοίκου","https://eservices.heraklion.gr/e-services/technical-services/parking-signal.html","Τεχνική υπηρεσία",""
"διέλευσης_βαρέων_οχημάτων","ΝΕΟ","Χορήγηση άδειας διέλευσης βαρέων οχημάτων","https://eservices.heraklion.gr/e-services/technical-services/xorigisi-adias-dieleusis-bareon-oximaton.html","Τεχνική υπηρεσία",""
"διέλευσης_στάθμευσης_οχήματος_πεζόδρομους","ΝΕΟ","Χορήγηση άδειας διέλευσης και στάθμευσης οχήματος σε πεζόδρομους","https://eservices.heraklion.gr/e-services/technical-services/adia-dieleusis-stathmeusis-pezodromous.html","Τεχνική υπηρεσία",""
"διακοπής_κυκλοφορίας","ΝΕΟ","Χορήγηση άδειας διακοπής κυκλοφορίας","https://eservices.heraklion.gr/e-services/technical-services/xorigisi-adias-diakopis-kukloforias.html","Τεχνική υπηρεσία",""
"εκτέλεση_έργων_οδοποιίας","ΝΕΟ","Εκτέλεση έργων Οδοποιίας","https://eservices.heraklion.gr/e-services/technical-services/street-build.html","Τεχνική υπηρεσία","ΜΠΛΕ στο PDF αλλά χωρίς σημειωμένο intent — επιβεβαίωσε"
"κυκλοφοριακές_συνδέσεις_είσοδοι_έξοδοι","ΝΕΟ","Κυκλοφοριακές συνδέσεις/είσοδοι-έξοδοι","https://eservices.heraklion.gr/e-services/technical-services/kikloforiakes-sindesis.html","Τεχνική υπηρεσία","ΜΠΛΕ στο PDF αλλά χωρίς σημειωμένο intent — επιβεβαίωσε"
"τοποθέτηση_φωτιστικών_σωμάτων","ΝΕΟ","Τοποθέτηση Φωτιστικών Σωμάτων","https://eservices.heraklion.gr/e-services/technical-services/topothetisi-fotistikon-somaton.html","Τεχνική υπηρεσία","ΜΠΛΕ στο PDF αλλά χωρίς σημειωμένο intent — επιβεβαίωσε"
"τοποθέτησης_ικριωμάτων","ΝΕΟ","Χορήγηση άδειας τοποθέτησης ικριωμάτων","https://eservices.heraklion.gr/e-services/technical-services/xorigisi-adias-topothetisis-ikriomaton.html","Τεχνική υπηρεσία","ΜΠΛΕ στο PDF αλλά χωρίς σημειωμένο intent — επιβεβαίωσε"
"χρήσης_κοινόχρηστου_χώρου_τοποθέτηση_κάδου_2","ΝΕΟ","Χορήγηση άδειας χρήσης κοινόχρηστου χώρου για τοποθέτηση κάδου οικοδομικών υπολειμμάτων σε οδόστρωμα","","Τεχνική υπηρεσία","URL: δεν βρέθηκε· ΜΠΛΕ στο PDF αλλά χωρίς σημειωμένο intent — επιβεβαίωσε"
"χρήσης_κοινόχρηστου_χώρου_τοποθέτηση_περίφραξης_2","ΝΕΟ","Χορήγηση άδειας χρήσης κοινόχρηστου χώρου για τοποθέτηση περίφραξης σε οδόστρωμα","","Τεχνική υπηρεσία","URL: δεν βρέθηκε· ΜΠΛΕ στο PDF αλλά χωρίς σημειωμένο intent — επιβεβαίωσε"
"βεβαίωση_χαρακτηρισμό_κτιρίου","ΝΕΟ","Βεβαίωση για χαρακτηρισμό κτιρίου (Προτεινόμενου ως διατηρητέου ή μη)","https://eservices.heraklion.gr/e-services/building-value.html","Τμήμα παλιάς πόλης",""
"κατασκευή_σκιαδιών_πέργολας_άλλου_τέτοιου","ΝΕΟ","Αίτηση για κατασκευή σκιαδιών ή πέργολας ή άλλου τέτοιου είδους κατασκευών σε κοινόχρηστο χώρο της Παλαιάς Πόλης","https://eservices.heraklion.gr/e-services/old-city-construct.html","Τμήμα παλιάς πόλης",""
"παραχώρηση_χώρων_δήμου_εκδηλώσεις","ΝΕΟ","Παραχώρηση χώρων του Δήμου για εκδηλώσεις","https://eservices.heraklion.gr/e-services/culture/culture1.html","Τμήμα πολιτισμού",""
"δημοτική_ενημερότητα","ΕΛΕΓΞΕ","","","","μάλλον αντιστοιχεί στη νέα υπηρεσία «Έκδοση δημοτικής ενημερότητας»"
"έλεγχος_λογαριασμού_ύδρευσης","ΕΛΕΓΞΕ","Ηλεκτρονική Εξόφληση Λογαριασμού ΔΕΥΑΗ","https://eservices.heraklion.gr/e-services/deyah/deyah-exoflisi.html","ΔΕΥΑΗ-Ύδρευση & αποχέτευση","χαλαρή αντιστοίχιση· μοιράζεται υπηρεσία με 1 άλλα"
"μείωση_τιμολογίου","ΕΛΕΓΞΕ","Ηλεκτρονική Εξόφληση Λογαριασμού ΔΕΥΑΗ","https://eservices.heraklion.gr/e-services/deyah/deyah-exoflisi.html","ΔΕΥΑΗ-Ύδρευση & αποχέτευση","χαλαρή αντιστοίχιση· μοιράζεται υπηρεσία με 1 άλλα"
"καθρέφτης_ορατότητας","ΕΛΕΓΞΕ","Γενική αίτηση για θέματα Κ.Ο.Κ","https://eservices.heraklion.gr/e-services/municipal-police/geniki-aitisi-gia-kok.html","Δημοτική αστυνομία","εμφανίζεται σε 2 υπηρεσίες"
"άδεια_παιδότοπου","ΕΛΕΓΞΕ","Χορήγηση Πιστοποιητικού Εντοπιότητας (αφορά μόνο εκπαιδευτικούς)","https://eservices.heraklion.gr/e-services/municipal-roll/xorogisi-pistop-entopoiotitas.html","Δημοτολόγιο","χαλαρή αντιστοίχιση· μοιράζεται υπηρεσία με 1 άλλα"
"αλλαγή_ιδιοκτησίας_ακινήτου","ΕΛΕΓΞΕ","Αλλαγή διεύθυνσης","https://eservices.heraklion.gr/e-services/municipal-roll/allagi-dieuthinsis.html","Δημοτολόγιο","χαλαρή αντιστοίχιση"
"προέγκριση_άδειας_παιδότοπου","ΕΛΕΓΞΕ","Χορήγηση Πιστοποιητικού Εντοπιότητας (αφορά μόνο εκπαιδευτικούς)","https://eservices.heraklion.gr/e-services/municipal-roll/xorogisi-pistop-entopoiotitas.html","Δημοτολόγιο","χαλαρή αντιστοίχιση· μοιράζεται υπηρεσία με 1 άλλα"
"παλαιότητα_οδού","ΕΛΕΓΞΕ","Διαχείριση Καλλιτεχνικής Δραστηριοτητας εντός της Παλιάς Πόλης","https://eservices.heraklion.gr/e-services/street-musicians.html","Διαχείριση καλλιτεχνικής δραστηριότητας εντός της παλιάς πόλης","μοιράζεται υπηρεσία με 1 άλλα"
"παλαιότητα_οικοπέδου","ΕΛΕΓΞΕ","Διαχείριση Καλλιτεχνικής Δραστηριοτητας εντός της Παλιάς Πόλης","https://eservices.heraklion.gr/e-services/street-musicians.html","Διαχείριση καλλιτεχνικής δραστηριότητας εντός της παλιάς πόλης","μοιράζεται υπηρεσία με 1 άλλα"
"επισκευή_οδοστρώματος","ΕΛΕΓΞΕ","Χορήγηση άδειας επισκευής/παρέμβασης εντός κοινόχρηστου χώρου (πεζοδρόμιο κλπ)","https://eservices.heraklion.gr/e-services/technical-services/adia-episkeuhs-parembasis-koinox-xorou.html","Κοινόχρηστοι χώροι","μοιράζεται υπηρεσία με 1 άλλα· εμφανίζεται σε 2 υπηρεσίες"
"κατάληψη_κοινόχρηστου","ΕΛΕΓΞΕ","[ΕΝΟΤΗΤΑ] Κοινόχρηστοι χώροι","","Κοινόχρηστοι χώροι","δείχνει σε ΟΛΗ την ενότητα — διάλεξε συγκεκριμένη σελίδα· εμφανίζεται σε 2 υπηρεσίες· URL: δεν βρέθηκε"
"κατάληψη_κοινόχρηστου_χώρου","ΕΛΕΓΞΕ","Αιτήματα για παραχώρηση εξοπλισμού για εκδηλώσεις (τραπέζια ,καρέκλες )","https://eservices.heraklion.gr/e-services/technical-services/aitimata-paraxorisis-eksoplismou-ekdilosis.html","Κοινόχρηστοι χώροι","χαλαρή αντιστοίχιση"
"πεζοδρόμιο","ΕΛΕΓΞΕ","Χορήγηση άδειας επισκευής/παρέμβασης εντός κοινόχρηστου χώρου (πεζοδρόμιο κλπ)","https://eservices.heraklion.gr/e-services/technical-services/adia-episkeuhs-parembasis-koinox-xorou.html","Κοινόχρηστοι χώροι","μοιράζεται υπηρεσία με 1 άλλα"
"ληξιαρχική_πράξη_γάμου","ΕΛΕΓΞΕ","Δήλωση Γάμου (άρθρα 29 & 30 του ν. 344/1976)","https://eservices.heraklion.gr/e-services/register/dilosigamou.html","Ληξιαρχείο","εμφανίζεται σε 2 υπηρεσίες"
"ληξιαρχική_πράξη_θανάτου","ΕΛΕΓΞΕ","Δήλωση Θανάτου (αρθρα 32 & 33 ν.344/1976)","https://eservices.heraklion.gr/e-services/register/dilosiuanatou.html","Ληξιαρχείο","εμφανίζεται σε 2 υπηρεσίες"
"βεβαίωση_οφειλών_διας","ΕΛΕΓΞΕ","Βεβαίωση περί μη οφειλής εισφοράς σε χρήμα","https://eservices.heraklion.gr/e-services/economic-services/bebeosis-peri-mi-ofilis-isforas-se-xrima.html","Οικονομική υπηρεσία","χαλαρή αντιστοίχιση· μοιράζεται υπηρεσία με 1 άλλα"
"μη_οφειλή_ταπ_ακίνητα","ΕΛΕΓΞΕ","ΤΑΠ - Τέλη Φωτισμού και Καθαριότητας","https://eservices.heraklion.gr/e-services/town-planning/e-tap.html","Οικονομική υπηρεσία","χαλαρή αντιστοίχιση· μοιράζεται υπηρεσία με 5 άλλα"
"μη_οφειλή_ταπ_οικόπεδα","ΕΛΕΓΞΕ","ΤΑΠ - Τέλη Φωτισμού και Καθαριότητας","https://eservices.heraklion.gr/e-services/town-planning/e-tap.html","Οικονομική υπηρεσία","χαλαρή αντιστοίχιση· μοιράζεται υπηρεσία με 5 άλλα"
"ρύθμιση_οφειλών","ΕΛΕΓΞΕ","Βεβαίωση περί μη οφειλής εισφοράς σε χρήμα","https://eservices.heraklion.gr/e-services/economic-services/bebeosis-peri-mi-ofilis-isforas-se-xrima.html","Οικονομική υπηρεσία","χαλαρή αντιστοίχιση· μοιράζεται υπηρεσία με 1 άλλα"
"τέλος_0_5","ΕΛΕΓΞΕ","ΤΑΠ - Τέλη Φωτισμού και Καθαριότητας","https://eservices.heraklion.gr/e-services/town-planning/e-tap.html","Οικονομική υπηρεσία","χαλαρή αντιστοίχιση· μοιράζεται υπηρεσία με 5 άλλα"
"ταπ_διόρθωση_τετραγωνικών","ΕΛΕΓΞΕ","ΤΑΠ - Τέλη Φωτισμού και Καθαριότητας","https://eservices.heraklion.gr/e-services/town-planning/e-tap.html","Οικονομική υπηρεσία","χαλαρή αντιστοίχιση· μοιράζεται υπηρεσία με 5 άλλα"
"ταπ_ηλεκτροδότηση","ΕΛΕΓΞΕ","ΤΑΠ - Τέλη Φωτισμού και Καθαριότητας","https://eservices.heraklion.gr/e-services/town-planning/e-tap.html","Οικονομική υπηρεσία","χαλαρή αντιστοίχιση· μοιράζεται υπηρεσία με 5 άλλα"
"ταπ_μη_ηλεκτροδοτούμενα","ΕΛΕΓΞΕ","ΤΑΠ - Τέλη Φωτισμού και Καθαριότητας","https://eservices.heraklion.gr/e-services/town-planning/e-tap.html","Οικονομική υπηρεσία","χαλαρή αντιστοίχιση· μοιράζεται υπηρεσία με 5 άλλα"
"βεβαίωση_όρων_δόμησης","ΕΛΕΓΞΕ","Αντίγραφα στοιχείων αδειών δόμησης (μετά το έτος 2018)","https://eservices.heraklion.gr/e-services/town-planning/antigrafa-stoixeiwn-adeiwn-domisis-meta-2018.html","Πολεοδομία","μοιράζεται υπηρεσία με 1 άλλα"
"εκτός_σχεδίου","ΕΛΕΓΞΕ","Ένσταση (μελέτης κτηματογράφησης ή μελέτης πολεοδόμησης ή τροποποίησης ρυμοτομικού σχεδίου)","https://eservices.heraklion.gr/e-services/town-planning/enstasi-meleti-ktimatografisis.html","Πολεοδομία","μοιράζεται υπηρεσία με 1 άλλα· εμφανίζεται σε 2 υπηρεσίες"
"θεώρηση_γραμμών","ΕΛΕΓΞΕ","Ένσταση (μελέτης κτηματογράφησης ή μελέτης πολεοδόμησης ή τροποποίησης ρυμοτομικού σχεδίου)","https://eservices.heraklion.gr/e-services/town-planning/enstasi-meleti-ktimatografisis.html","Πολεοδομία","μοιράζεται υπηρεσία με 1 άλλα"
"οικοδομησιμότητα","ΕΛΕΓΞΕ","Αντίγραφα στοιχείων αδειών δόμησης (μετά το έτος 2018)","https://eservices.heraklion.gr/e-services/town-planning/antigrafa-stoixeiwn-adeiwn-domisis-meta-2018.html","Πολεοδομία","μοιράζεται υπηρεσία με 1 άλλα"
"καθαρισμός_οικοπέδου_πυροπροστασία","ΕΛΕΓΞΕ","Σπασμένα κλαδιά δέντρου","https://eservices.heraklion.gr/e-services/technical-services/spasmena-kladia-dentrou.html","Πράσινο","χαλαρή αντιστοίχιση"
"άδεια_οικοδομής","ΕΛΕΓΞΕ","Αίτηση για ασφαλτόστρωση - τσιμεντόστρωση - διάστρωση 3α","https://eservices.heraklion.gr/e-services/technical-services/aitisi-gia-asfaltostrosi.html","Τεχνική υπηρεσία","μοιράζεται υπηρεσία με 1 άλλα· εμφανίζεται σε 2 υπηρεσίες"
"αίτηση_γενικού_τεχνικού_περιεχομένου","ΕΛΕΓΞΕ","[ΕΝΟΤΗΤΑ] Τεχνική υπηρεσία","","Τεχνική υπηρεσία","δείχνει σε ΟΛΗ την ενότητα — διάλεξε συγκεκριμένη σελίδα· μοιράζεται υπηρεσία με 1 άλλα· URL: δεν βρέθηκε"
"ασφαλτόστρωση_οδού","ΕΛΕΓΞΕ","Αίτηση για ασφαλτόστρωση - τσιμεντόστρωση - διάστρωση 3α","https://eservices.heraklion.gr/e-services/technical-services/aitisi-gia-asfaltostrosi.html","Τεχνική υπηρεσία","μοιράζεται υπηρεσία με 1 άλλα"
"σήμανση_οδοστρώματος","ΕΛΕΓΞΕ","Τοποθέτηση Πινακίδων Σήμανσης και Καθρεπτών","https://eservices.heraklion.gr/e-services/technical-services/topothetisipinakidon-simansis-kaurepton.html","Τεχνική υπηρεσία","μοιράζεται υπηρεσία με 1 άλλα"
"τεχνική_υπηρεσία","ΕΛΕΓΞΕ","[ΕΝΟΤΗΤΑ] Τεχνική υπηρεσία","","Τεχνική υπηρεσία","δείχνει σε ΟΛΗ την ενότητα — διάλεξε συγκεκριμένη σελίδα· μοιράζεται υπηρεσία με 1 άλλα· URL: δεν βρέθηκε"
"φωτισμός","ΕΛΕΓΞΕ","Βλάβες σε Φωτεινούς Σηματοδότες","https://eservices.heraklion.gr/e-services/technical-services/blabes-se-fotinous-simatodotes.html","Τεχνική υπηρεσία","εμφανίζεται σε 2 υπηρεσίες"
"Δελτία_Τύπου","ΣΒΗΣΕ","","","","δεν αντιστοιχεί σε υπηρεσία του Δήμου"
"άδεια_κολυμβητικής_δεξαμενής","ΣΒΗΣΕ","","","","δεν αντιστοιχεί σε υπηρεσία του Δήμου"
"άδεια_μικρής_κλίμακας","ΣΒΗΣΕ","","","","δεν αντιστοιχεί σε υπηρεσία του Δήμου"
"αίτηση_εκταφής","ΣΒΗΣΕ","","","","δεν αντιστοιχεί σε υπηρεσία του Δήμου"
"αίτηση_ταφής_σε_οικογενειακό_τάφο","ΣΒΗΣΕ","","","","δεν αντιστοιχεί σε υπηρεσία του Δήμου"
"αίτηση_χορήγησης_αντιγράφου_ήδη_χορηγηθείσας_βεβαίωσης","ΣΒΗΣΕ","","","","δεν αντιστοιχεί σε υπηρεσία του Δήμου"
"αγορά_οικογενειακού_τάφου","ΣΒΗΣΕ","","","","δεν αντιστοιχεί σε υπηρεσία του Δήμου"
"αγωγοί_αποχέτευσης","ΣΒΗΣΕ","","","","δεν αντιστοιχεί σε υπηρεσία του Δήμου"
"αλλαγή_στοιχείων_λογαριασμού_ύδρευσης","ΣΒΗΣΕ","","","","δεν αντιστοιχεί σε υπηρεσία του Δήμου"
"απαλλαγή_δημοτικών_τελών_covid","ΣΒΗΣΕ","","","","δεν αντιστοιχεί σε υπηρεσία του Δήμου"
"βεβαίωση_αρτιότητας","ΣΒΗΣΕ","","","","δεν αντιστοιχεί σε υπηρεσία του Δήμου"
"γενικές_υπηρεσίες","ΣΒΗΣΕ","","","","δεν αντιστοιχεί σε υπηρεσία του Δήμου"
"διακοπή_παροχής_ύδατος","ΣΒΗΣΕ","","","","δεν αντιστοιχεί σε υπηρεσία του Δήμου"
"διακοπή_υδροδότησης","ΣΒΗΣΕ","","","","δεν αντιστοιχεί σε υπηρεσία του Δήμου"
"εγγραφή_σημείου_υδροληψίας","ΣΒΗΣΕ","","","","δεν αντιστοιχεί σε υπηρεσία του Δήμου"
"ενοικίαση_οστεοφυλακίου","ΣΒΗΣΕ","","","","δεν αντιστοιχεί σε υπηρεσία του Δήμου"
"ενοικίαση_τάφου","ΣΒΗΣΕ","","","","δεν αντιστοιχεί σε υπηρεσία του Δήμου"
"επέκταση_δικτύου_ύδρευσης","ΣΒΗΣΕ","","","","δεν αντιστοιχεί σε υπηρεσία του Δήμου"
"επανασύνδεση_παροχής","ΣΒΗΣΕ","","","","δεν αντιστοιχεί σε υπηρεσία του Δήμου"
"επικαιροποίηση_στοιχείων_υδροληψίας","ΣΒΗΣΕ","","","","δεν αντιστοιχεί σε υπηρεσία του Δήμου"
"επικοινωνία","ΣΒΗΣΕ","","","","δεν αντιστοιχεί σε υπηρεσία του Δήμου"
"καθαρισμός_φρεατίου","ΣΒΗΣΕ","","","","δεν αντιστοιχεί σε υπηρεσία του Δήμου"
"μείωση_τελών_λόγω_αναπηρίας","ΣΒΗΣΕ","","","","δεν αντιστοιχεί σε υπηρεσία του Δήμου"
"μεταφορά_οστών","ΣΒΗΣΕ","","","","δεν αντιστοιχεί σε υπηρεσία του Δήμου"
"μητρώο_αρρένων","ΣΒΗΣΕ","","","","δεν αντιστοιχεί σε υπηρεσία του Δήμου"
"νέα-ανακοινώσεις","ΣΒΗΣΕ","","","","δεν αντιστοιχεί σε υπηρεσία του Δήμου"
"νέα_παροχή_ύδρευσης","ΣΒΗΣΕ","","","","δεν αντιστοιχεί σε υπηρεσία του Δήμου"
"παλαιότητα_1955","ΣΒΗΣΕ","","","","δεν αντιστοιχεί σε υπηρεσία του Δήμου"
"παλαιότητα_1990","ΣΒΗΣΕ","","","","δεν αντιστοιχεί σε υπηρεσία του Δήμου"
"στέγαστρο_οασα","ΣΒΗΣΕ","","","","δεν αντιστοιχεί σε υπηρεσία του Δήμου"
"σύνδεση_φυσικού_αερίου","ΣΒΗΣΕ","","","","δεν αντιστοιχεί σε υπηρεσία του Δήμου"
"τέλη_καθαριότητας_κοιμητηρίων","ΣΒΗΣΕ","","","","δεν αντιστοιχεί σε υπηρεσία του Δήμου"
"τοποθέτηση_δημοτικού_φωτισμού","ΣΒΗΣΕ","","","","δεν αντιστοιχεί σε υπηρεσία του Δήμου"
"χιλιομετρική_απόσταση","ΣΒΗΣΕ","","","","δεν αντιστοιχεί σε υπηρεσία του Δήμου"
"άδεια_παραγωγού_αγρότη","ΚΡΑΤΑ","","","Άδειες καταστημάτων","ΧΩΡΙΣ ΥΠΗΡΕΣΙΑ στο PDF — χρειάζεται URL· URL: δεν βρέθηκε"
"άδεια_πωλητή_υπαίθριου_εμπορίου","ΚΡΑΤΑ","","","Άδειες καταστημάτων","ΧΩΡΙΣ ΥΠΗΡΕΣΙΑ στο PDF — χρειάζεται URL· URL: δεν βρέθηκε"
"αναγγελία_κομμωτή","ΚΡΑΤΑ","","","Άδειες καταστημάτων","ΧΩΡΙΣ ΥΠΗΡΕΣΙΑ στο PDF — χρειάζεται URL· URL: δεν βρέθηκε"
"αναγγελία_τεχνίτη_άκρων","ΚΡΑΤΑ","","","Άδειες καταστημάτων","ΧΩΡΙΣ ΥΠΗΡΕΣΙΑ στο PDF — χρειάζεται URL· URL: δεν βρέθηκε"
"βεβαίωση_δραστηριοποίησης_υπαίθριου","ΚΡΑΤΑ","","","Άδειες καταστημάτων","ΧΩΡΙΣ ΥΠΗΡΕΣΙΑ στο PDF — χρειάζεται URL· URL: δεν βρέθηκε"
"συμμετοχή_εμποροπανήγυρη","ΚΡΑΤΑ","","","Άδειες καταστημάτων","ΧΩΡΙΣ ΥΠΗΡΕΣΙΑ στο PDF — χρειάζεται URL· URL: δεν βρέθηκε"
"αδέσποτα_ζώα","ΚΡΑΤΑ","Καταγγελία (Ζώα συντροφιάς - αδέσποτα)","https://eservices.heraklion.gr/e-services/technical-services/kataggelia-zwa-syntrofias.html","Αδέσποτα ζώα",""
"βεβαίωση_εγκατάστασης_καταστήματος","ΚΡΑΤΑ","Διαδικασία έκδοσης Βεβαίωσης Δραστηριοποίησης Ετήσιας Διάρκειας στις βραχυχρόνιες αγορές","https://eservices.heraklion.gr/e-services/katasthmata/ekdosh-vevaiwshs-drasthriothtas-ethsias-diarkeias.html","Βραχυχρόνιες αγορές",""
"βλάβη_αγωγού_ύδρευσης","ΚΡΑΤΑ","Δήλωση Βλάβης ΔΕΥΑΗ","https://eservices.heraklion.gr/e-services/deyah/deyah-blabi.html","ΔΕΥΑΗ-Ύδρευση & αποχέτευση",""
"βεβαίωση_κατοικίας","ΚΡΑΤΑ","Βεβαίωση Μόνιμης Κατοικίας Δημότη Ηρακλείου","https://eservices.heraklion.gr/e-services/municipal-roll/bebeosi-monimis-katoikias-dimoti.html","Δημοτολόγιο",""
"δημοτολόγιο","ΚΡΑΤΑ","Αλλαγή στοιχείων τέκνου λόγω υιοθεσίας, αναγνώρισης, πρόσληψης επωνύμου, πατρωνύμου και εγγραφή στα δημοτολόγια (με κωδικούς taxisnet)","https://eservices.heraklion.gr/e-services/municipal-roll/change-personal-data-child-adoption.html","Δημοτολόγιο",""
"πιστοποιητικό_γέννησης","ΚΡΑΤΑ","Χορήγηση Πιστοποιητικού Γέννησης","https://eservices.heraklion.gr/e-services/municipal-roll/xorigisi-pistopoiitikou-genisis.html","Δημοτολόγιο",""
"πιστοποιητικό_οικογενειακής_κατάστασης","ΚΡΑΤΑ","Χορήγηση Πιστοποιητικού Οικογενειακής Κατάστασης","https://eservices.heraklion.gr/e-services/municipal-roll/xorigisi-pistopoiitikou-oikog-katastasis.html","Δημοτολόγιο",""
"πλησιέστεροι_συγγενείς","ΚΡΑΤΑ","Χορήγηση Πιστοποιητικoύ πλησιέστερων συγγενών","https://eservices.heraklion.gr/e-services/municipal-roll/xorigisi-pistopoitikou-plisiesterwn-suggenon.html","Δημοτολόγιο","URL: προσεγγιστικό"
"κάδοι_καθαριότητας","ΚΡΑΤΑ","Επισκευή και αντικατάσταση κάδων απορριμάτων","https://eservices.heraklion.gr/e-services/cleanness/episkeuh-kai-antikatastash-kadwn.html","Καθαριότητα",""
"ογκοδέματα","ΚΡΑΤΑ","Απομάκρυνση ογκωδών αντικειμένων","https://eservices.heraklion.gr/e-services/cleanness/apomakrinsi-ogkodwn-antikimenwn.html","Καθαριότητα","URL: προσεγγιστικό"
"αίτηση_προσωρινής_χρήσης_οδοστρώματος_πεζοδρομίου","ΚΡΑΤΑ","Χορήγηση άδειας χρήσης κοινόχρηστου χώρου για τοποθέτηση ικριωμάτων σε πεζοδρόμια, πεζόδρομους και πλατείες","https://eservices.heraklion.gr/e-services/technical-services/adia-koinox-xorou-ikriomata.html","Κοινόχρηστοι χώροι",""
"παγκάκια","ΚΡΑΤΑ","Αιτήματα για Συντήρηση και τοποθέτηση αστικού εξοπλισμού προαυλίων Χώρων σε Σχολεία (παγκάκια ,μπασκέτες ,παιχνίδια )","https://eservices.heraklion.gr/e-services/technical-services/aitimata-sintirisis-topothetisi-astikou-eksoplismou-proaulion-xoron-sxolia.html","Κοινόχρηστοι χώροι",""
"παιδικές_χαρές","ΚΡΑΤΑ","Συντήρηση Υπαίθριων Χώρων (παιδικές χαρές,πάρκα)","https://eservices.heraklion.gr/e-services/technical-services/aitimata-syntirisi-ipethrion-xoron.html","Κοινόχρηστοι χώροι",""
"ληξιαρχείο","ΚΡΑΤΑ","Διόρθωση στοιχείων ληξιαρχικών πράξεων (αρθ.13 του Ν.344/76 όπως τροποποιήθηκε με το ν. 4674/2020)","https://www.heraklion.gr/e-services/register/diorthoseis.html","Ληξιαρχείο",""
"διακοπή_ηλεκτροδότησης","ΚΡΑΤΑ","Ηλεκτροδοτήσεις οικιών - καταστημάτων και επανασυνδέσεις ΔΕΗ","https://eservices.heraklion.gr/e-services/ilektr.html","Οικονομική υπηρεσία",""
"αντίγραφα_άδειας_πολεοδομίας","ΚΡΑΤΑ","Αντίγραφα στοιχείων οικοδομικών αδειών (έως το έτος 2018)","https://eservices.heraklion.gr/e-services/town-planning/antigrafa-stoixeiwn-oikodom-adeiwn-ews-2018.html","Πολεοδομία",""
"βεβαίωση_ορίων_ιδιοκτησίας","ΚΡΑΤΑ","Βεβαίωση υποβολής δήλωσης ιδιοκτησίας","https://eservices.heraklion.gr/e-services/town-planning/bebeosis-upobolos-dilosis-idioktisias.html","Πολεοδομία",""
"βεβαίωση_χρήσης_γης","ΚΡΑΤΑ","Χορήγηση Βεβαίωσης Χρήσης Γης","https://eservices.heraklion.gr/e-services/town-planning/certification-use-ground.html","Πολεοδομία",""
"υψόμετρο","ΚΡΑΤΑ","Βεβαίωση Υψομέτρου","https://eservices.heraklion.gr/e-services/town-planning/bebeosi-ypsometrou.html","Πολεοδομία",""
"παράταση_μουσικής","ΚΡΑΤΑ","Αδειοδότηση Ωδείων, Μουσικών Σχολών και Χορωδιών κ.α","https://eservices.heraklion.gr/e-services/adeia-gia-moysika-idrymata/music.html","Πολιτισμού",""
"πράσινο_δένδρα","ΚΡΑΤΑ","Απομάκρυνση - κοπή δένδρων σε κοινόχρηστους χώρους","https://eservices.heraklion.gr/e-services/technical-services/apomakrinsi-kopi-dentron-se-koinoxristous-xorous.html","Πράσινο",""
"αίτηση_κίτρινης_διαγράμμισης","ΚΡΑΤΑ","Αιτήματα για κυκλοφοριακές ρυθμίσεις","https://eservices.heraklion.gr/e-services/technical-services/aitima-kukloforiakes-ruthmiseis.html","Τεχνική υπηρεσία",""
"αίτηση_παραχώρησης_αποκλειστικής_θέσης_στάθμευσης_αμεα","ΚΡΑΤΑ","Χορήγηση θέσης στάθμευσης για ΑMΕΑ","https://eservices.heraklion.gr/e-services/technical-services/xorigisi-thesis-stathmeusis-AMEA.html","Τεχνική υπηρεσία",""
"διεύθυνση_οικοπέδου","ΚΡΑΤΑ","Βεβαίωση ακριβούς διεύθυνσης ακινήτων","https://eservices.heraklion.gr/e-services/technical-services/bebeosi-akribous-dieuthinsis-akinitou.html","Τεχνική υπηρεσία",""
"είσοδος_έξοδος","ΚΡΑΤΑ","Χορήγηση άδειας οριζόντιας σήμανσης της εισόδου-εξόδου ιδιωτικού χώρου στάθμευσης","https://eservices.heraklion.gr/e-services/technical-services/parking.html","Τεχνική υπηρεσία",""
"σήμανση_ονοματοθεσίας","ΚΡΑΤΑ","Ονομασία ανώνυμων οδών","https://eservices.heraklion.gr/e-services/technical-services/onomasia-anonimon-odon.html","Τεχνική υπηρεσία",""
"παλαιότητα_κτίσματος","ΚΡΑΤΑ","[ΕΝΟΤΗΤΑ] Τμήμα παλιάς πόλης","","Τμήμα παλιάς πόλης","δείχνει σε ΟΛΗ την ενότητα — διάλεξε συγκεκριμένη σελίδα· URL: δεν βρέθηκε"
