"text","intent"
"Θέλω άδεια για τοποθέτηση ικριωμάτων στο πεζοδρόμιο.","αίτηση_προσωρινής_χρήσης_οδοστρώματος_πεζοδρομίου"
"Πού κάνω αίτηση για ικριώματα σε κοινόχρηστο χώρο;","αίτηση_προσωρινής_χρήσης_οδοστρώματος_πεζοδρομίου"
"Ποια δικαιολογητικά χρειάζονται για άδεια ικριωμάτων;","αίτηση_προσωρινής_χρήσης_οδοστρώματος_πεζοδρομίου"
"Πόσο κοστίζει η άδεια ικριωμάτων ανά ημέρα;","αίτηση_προσωρινής_χρήσης_οδοστρώματος_πεζοδρομίου"
"Χρειάζομαι ικριώματα για να βάψω την πρόσοψη.","αίτηση_προσωρινής_χρήσης_οδοστρώματος_πεζοδρομίου"
"Πόσο διαρκεί η άδεια για ικριώματα;","αίτηση_προσωρινής_χρήσης_οδοστρώματος_πεζοδρομίου"
"Μπορώ να τοποθετήσω ικριώματα σε πεζόδρομο;","αίτηση_προσωρινής_χρήσης_οδοστρώματος_πεζοδρομίου"
"Ποιος εγκρίνει την τοποθέτηση ικριωμάτων στην πλατεία;","αίτηση_προσωρινής_χρήσης_οδοστρώματος_πεζοδρομίου"
"Θέλω παράταση της άδειας ικριωμάτων.","αίτηση_προσωρινής_χρήσης_οδοστρώματος_πεζοδρομίου"
"Τα ικριώματα θα μείνουν δύο μήνες, τι χρειάζομαι;","αίτηση_προσωρινής_χρήσης_οδοστρώματος_πεζοδρομίου"
"Υπάρχει πρόστιμο για ικριώματα χωρίς άδεια;","αίτηση_προσωρινής_χρήσης_οδοστρώματος_πεζοδρομίου"
"Πόσα τετραγωνικά πιάνουν τα ικριώματα στην αίτηση;","αίτηση_προσωρινής_χρήσης_οδοστρώματος_πεζοδρομίου"
"Ποιο τμήμα δίνει άδεια ικριωμάτων;","αίτηση_προσωρινής_χρήσης_οδοστρώματος_πεζοδρομίου"
"Χρειάζεται ασφαλιστήριο για τα ικριώματα;","αίτηση_προσωρινής_χρήσης_οδοστρώματος_πεζοδρομίου"
"Γίνεται ηλεκτρονική αίτηση για ικριώματα;","αίτηση_προσωρινής_χρήσης_οδοστρώματος_πεζοδρομίου"
"Πρέπει να αφήσω διάδρομο για πεζούς δίπλα στα ικριώματα;","αίτηση_προσωρινής_χρήσης_οδοστρώματος_πεζοδρομίου"
"Τα ικριώματα εμποδίζουν τη διέλευση, τι κάνω;","αίτηση_προσωρινής_χρήσης_οδοστρώματος_πεζοδρομίου"
"Ζητώ άδεια ικριωμάτων για ανακαίνιση πρόσοψης.","αίτηση_προσωρινής_χρήσης_οδοστρώματος_πεζοδρομίου"
"Ποιος ελέγχει την ασφάλεια των ικριωμάτων;","αίτηση_προσωρινής_χρήσης_οδοστρώματος_πεζοδρομίου"
"Πόσο πριν πρέπει να ζητήσω άδεια για ικριώματα;","αίτηση_προσωρινής_χρήσης_οδοστρώματος_πεζοδρομίου"
"Μπορεί ο εργολάβος να βγάλει την άδεια ικριωμάτων;","αίτηση_προσωρινής_χρήσης_οδοστρώματος_πεζοδρομίου"
"Χρειάζονται σήμανση τα ικριώματα τη νύχτα;","αίτηση_προσωρινής_χρήσης_οδοστρώματος_πεζοδρομίου"
"Έληξε η άδεια και τα ικριώματα είναι ακόμα εκεί.","αίτηση_προσωρινής_χρήσης_οδοστρώματος_πεζοδρομίου"
"Τι ύψος ικριωμάτων επιτρέπεται στο πεζοδρόμιο;","αίτηση_προσωρινής_χρήσης_οδοστρώματος_πεζοδρομίου"
"Πληρώνω τέλος κατάληψης για τα ικριώματα;","αίτηση_προσωρινής_χρήσης_οδοστρώματος_πεζοδρομίου"
"Πώς δηλώνω την αποξήλωση των ικριωμάτων;","αίτηση_προσωρινής_χρήσης_οδοστρώματος_πεζοδρομίου"
"Χρειάζεται άδεια για ικριώματα εντός ιδιωτικού χώρου;","αίτηση_προσωρινής_χρήσης_οδοστρώματος_πεζοδρομίου"
"Τα ικριώματα καλύπτουν την είσοδο του καταστήματος.","αίτηση_προσωρινής_χρήσης_οδοστρώματος_πεζοδρομίου"
"Ζητώ άδεια ικριωμάτων για επισκευή μπαλκονιών.","αίτηση_προσωρινής_χρήσης_οδοστρώματος_πεζοδρομίου"
"Ποια είναι η διαδικασία για ανανέωση άδειας ικριωμάτων;","αίτηση_προσωρινής_χρήσης_οδοστρώματος_πεζοδρομίου"
"Πρέπει να τοποθετήσω δίχτυ στα ικριώματα;","αίτηση_προσωρινής_χρήσης_οδοστρώματος_πεζοδρομίου"
"Πόσο κοστίζει η παράταση για τα ικριώματα;","αίτηση_προσωρινής_χρήσης_οδοστρώματος_πεζοδρομίου"
"Ο γείτονας έβαλε ικριώματα χωρίς άδεια.","αίτηση_προσωρινής_χρήσης_οδοστρώματος_πεζοδρομίου"
"Χρειάζομαι άδεια ικριωμάτων και για μονοήμερη εργασία;","αίτηση_προσωρινής_χρήσης_οδοστρώματος_πεζοδρομίου"
"Τα ικριώματα θα τοποθετηθούν σε πλατεία, αλλάζει κάτι;","αίτηση_προσωρινής_χρήσης_οδοστρώματος_πεζοδρομίου"
"Θέλω άδεια για σκαλωσιά στην πρόσοψη του κτιρίου.","αίτηση_προσωρινής_χρήσης_οδοστρώματος_πεζοδρομίου"
"Πού ζητάω κατάληψη κοινόχρηστου χώρου για εργασίες όψης;","αίτηση_προσωρινής_χρήσης_οδοστρώματος_πεζοδρομίου"
"Χρειάζομαι σκαλωσιά για να σοβατίσω την πολυκατοικία.","αίτηση_προσωρινής_χρήσης_οδοστρώματος_πεζοδρομίου"
"Πόσο κοστίζει η κατάληψη πεζοδρομίου για εργασίες πρόσοψης;","αίτηση_προσωρινής_χρήσης_οδοστρώματος_πεζοδρομίου"
"Ποιος δίνει έγκριση για σκαλωσιά σε πεζόδρομο;","αίτηση_προσωρινής_χρήσης_οδοστρώματος_πεζοδρομίου"
"Θα βάψουμε την πρόσοψη, τι άδεια χρειάζεται;","αίτηση_προσωρινής_χρήσης_οδοστρώματος_πεζοδρομίου"
"Η σκαλωσιά θα μείνει ένα μήνα στην πλατεία.","αίτηση_προσωρινής_χρήσης_οδοστρώματος_πεζοδρομίου"
"Πρέπει να πληρώσω τέλος κατάληψης για τη σκαλωσιά;","αίτηση_προσωρινής_χρήσης_οδοστρώματος_πεζοδρομίου"
"Ποια δικαιολογητικά θέλει η κατάληψη για εργασίες όψης;","αίτηση_προσωρινής_χρήσης_οδοστρώματος_πεζοδρομίου"
"Χρειάζεται άδεια για αναστήλωση όψης σε διατηρητέο;","αίτηση_προσωρινής_χρήσης_οδοστρώματος_πεζοδρομίου"
"Η σκαλωσιά κλείνει το μισό πεζοδρόμιο.","αίτηση_προσωρινής_χρήσης_οδοστρώματος_πεζοδρομίου"
"Πόσο νωρίτερα κάνω την αίτηση κατάληψης για σκαλωσιά;","αίτηση_προσωρινής_χρήσης_οδοστρώματος_πεζοδρομίου"
"Ο εργολάβος στήνει σκαλωσιά, ποιος βγάζει την άδεια;","αίτηση_προσωρινής_χρήσης_οδοστρώματος_πεζοδρομίου"
"Υπάρχει πρόστιμο για σκαλωσιά χωρίς έγκριση;","αίτηση_προσωρινής_χρήσης_οδοστρώματος_πεζοδρομίου"
"Θέλω να παρατείνω την κατάληψη για τη σκαλωσιά.","αίτηση_προσωρινής_χρήσης_οδοστρώματος_πεζοδρομίου"
"Ποιο τμήμα εγκρίνει την κατάληψη για εργασίες στην όψη;","αίτηση_προσωρινής_χρήσης_οδοστρώματος_πεζοδρομίου"
"Πρέπει να αφήσω πέρασμα για τους πεζούς κάτω από τη σκαλωσιά;","αίτηση_προσωρινής_χρήσης_οδοστρώματος_πεζοδρομίου"
"Η σκαλωσιά χρειάζεται φωτισμό τη νύχτα;","αίτηση_προσωρινής_χρήσης_οδοστρώματος_πεζοδρομίου"
"Πόσα τετραγωνικά δηλώνω για τη σκαλωσιά στην αίτηση;","αίτηση_προσωρινής_χρήσης_οδοστρώματος_πεζοδρομίου"
"Ζητώ έγκριση για εργασίες στην όψη του κτιρίου.","αίτηση_προσωρινής_χρήσης_οδοστρώματος_πεζοδρομίου"
"Ποιος ελέγχει την ασφάλεια της σκαλωσιάς;","αίτηση_προσωρινής_χρήσης_οδοστρώματος_πεζοδρομίου"
"Η σκαλωσιά έμεινε αφού τελείωσαν οι εργασίες.","αίτηση_προσωρινής_χρήσης_οδοστρώματος_πεζοδρομίου"
"Χρειάζεται ασφάλιση για τη σκαλωσιά;","αίτηση_προσωρινής_χρήσης_οδοστρώματος_πεζοδρομίου"
"Θέλω να δηλώσω ότι αποξηλώθηκε η σκαλωσιά.","αίτηση_προσωρινής_χρήσης_οδοστρώματος_πεζοδρομίου"
"Μπορώ να κλείσω τη λωρίδα στάθμευσης για τις εργασίες όψης;","αίτηση_προσωρινής_χρήσης_οδοστρώματος_πεζοδρομίου"
"Πόσο κρατάει η έγκριση κατάληψης για σκαλωσιά;","αίτηση_προσωρινής_χρήσης_οδοστρώματος_πεζοδρομίου"
"Ο γείτονας έστησε σκαλωσιά χωρίς να ρωτήσει κανέναν.","αίτηση_προσωρινής_χρήσης_οδοστρώματος_πεζοδρομίου"
"Χρειάζεται δίχτυ προστασίας στη σκαλωσιά;","αίτηση_προσωρινής_χρήσης_οδοστρώματος_πεζοδρομίου"
"Ποιες ώρες μπορούν να γίνονται οι εργασίες στην όψη;","αίτηση_προσωρινής_χρήσης_οδοστρώματος_πεζοδρομίου"
"Θέλω να ανανεώσω την έγκριση κατάληψης για άλλον μήνα.","αίτηση_προσωρινής_χρήσης_οδοστρώματος_πεζοδρομίου"
"Η κατάληψη για τη σκαλωσιά αφορά πλατεία, ισχύουν τα ίδια;","αίτηση_προσωρινής_χρήσης_οδοστρώματος_πεζοδρομίου"
"Πόσο κοστίζει η παράταση της κατάληψης για τη σκαλωσιά;","αίτηση_προσωρινής_χρήσης_οδοστρώματος_πεζοδρομίου"
"Πρέπει να τοποθετήσω σήμανση γύρω από τη σκαλωσιά;","αίτηση_προσωρινής_χρήσης_οδοστρώματος_πεζοδρομίου"
"Ζητώ έγκριση για μονοήμερη εργασία στην πρόσοψη.","αίτηση_προσωρινής_χρήσης_οδοστρώματος_πεζοδρομίου"
"Ποιος αποφασίζει το τέλος κατάληψης για τη σκαλωσιά;","αίτηση_προσωρινής_χρήσης_οδοστρώματος_πεζοδρομίου"
"Θα βάψω την πολυκατοικία, χρειάζομαι άδεια για σκαλωσιά;","αίτηση_προσωρινής_χρήσης_οδοστρώματος_πεζοδρομίου"
"Ρε παιδιά, πόσο κοστίζει να στήσω ικριώματα;","αίτηση_προσωρινής_χρήσης_οδοστρώματος_πεζοδρομίου"
"Ο εργολάβος λέει να βγάλω εγώ την άδεια για τα ικριώματα.","αίτηση_προσωρινής_χρήσης_οδοστρώματος_πεζοδρομίου"
"Πόσες μέρες κάνει να βγει η άδεια για σκαλωσιά;","αίτηση_προσωρινής_χρήσης_οδοστρώματος_πεζοδρομίου"
"Έβαλα σκαλωσιά, θα φάω πρόστιμο;","αίτηση_προσωρινής_χρήσης_οδοστρώματος_πεζοδρομίου"
"Πού πάω για την άδεια ικριωμάτων;","αίτηση_προσωρινής_χρήσης_οδοστρώματος_πεζοδρομίου"
"Τα ικριώματα θα μείνουν λίγες μέρες, θέλει χαρτιά;","αίτηση_προσωρινής_χρήσης_οδοστρώματος_πεζοδρομίου"
"Ο γείτονας έχει σκαλωσιά μήνες και κανείς δεν λέει τίποτα.","αίτηση_προσωρινής_χρήσης_οδοστρώματος_πεζοδρομίου"
"Δεν περνάει κόσμος από τη σκαλωσιά, τι κάνουμε;","αίτηση_προσωρινής_χρήσης_οδοστρώματος_πεζοδρομίου"
"Πόσο πληρώνω για κατάληψη πεζοδρομίου με σκαλωσιά;","αίτηση_προσωρινής_χρήσης_οδοστρώματος_πεζοδρομίου"
"Θέλω να βγάλω τα ικριώματα, πρέπει να ενημερώσω;","αίτηση_προσωρινής_χρήσης_οδοστρώματος_πεζοδρομίου"
"Μου ζητάνε ασφάλεια για τη σκαλωσιά, ισχύει;","αίτηση_προσωρινής_χρήσης_οδοστρώματος_πεζοδρομίου"
"Έληξε η άδεια της σκαλωσιάς και δεν τελείωσαν οι εργασίες.","αίτηση_προσωρινής_χρήσης_οδοστρώματος_πεζοδρομίου"
"Πείτε μου τι χαρτιά θέλω για τα ικριώματα.","αίτηση_προσωρινής_χρήσης_οδοστρώματος_πεζοδρομίου"
"Η σκαλωσιά μου κλείνει τη βιτρίνα του μαγαζιού.","αίτηση_προσωρινής_χρήσης_οδοστρώματος_πεζοδρομίου"
"Μπορεί η σκαλωσιά να πιάσει και λίγο από τον δρόμο;","αίτηση_προσωρινής_χρήσης_οδοστρώματος_πεζοδρομίου"
"Πόσο θα περιμένω για την έγκριση κατάληψης της σκαλωσιάς;","αίτηση_προσωρινής_χρήσης_οδοστρώματος_πεζοδρομίου"
"Έστησαν σκαλωσιά και δεν άφησαν να περάσουμε.","αίτηση_προσωρινής_χρήσης_οδοστρώματος_πεζοδρομίου"
"Θέλω παράταση για τα ικριώματα, γίνεται;","αίτηση_προσωρινής_χρήσης_οδοστρώματος_πεζοδρομίου"
"Ποιον ρωτάω για την κατάληψη πεζοδρομίου με ικριώματα;","αίτηση_προσωρινής_χρήσης_οδοστρώματος_πεζοδρομίου"
"Είναι επικίνδυνη η σκαλωσιά, κουνιέται.","αίτηση_προσωρινής_χρήσης_οδοστρώματος_πεζοδρομίου"
"Θα σοβατίσουμε την πρόσοψη, τι άδεια χρειάζεται;","αίτηση_προσωρινής_χρήσης_οδοστρώματος_πεζοδρομίου"
"Πόσο κάνει η άδεια για μια βδομάδα ικριώματα;","αίτηση_προσωρινής_χρήσης_οδοστρώματος_πεζοδρομίου"
"Μας έκλεισαν την είσοδο με τη σκαλωσιά.","αίτηση_προσωρινής_χρήσης_οδοστρώματος_πεζοδρομίου"
"Ο μάστορας θέλει να στήσει σκαλωσιά αύριο, προλαβαίνω άδεια;","αίτηση_προσωρινής_χρήσης_οδοστρώματος_πεζοδρομίου"
"Έβγαλα άδεια για ικριώματα αλλά θέλω κι άλλες μέρες.","αίτηση_προσωρινής_χρήσης_οδοστρώματος_πεζοδρομίου"
"Ποιος ελέγχει αν η σκαλωσιά είναι ασφαλής;","αίτηση_προσωρινής_χρήσης_οδοστρώματος_πεζοδρομίου"
"Άφησαν τα ικριώματα και εξαφανίστηκαν.","αίτηση_προσωρινής_χρήσης_οδοστρώματος_πεζοδρομίου"
"Χρειάζεται δίχτυ πάνω στη σκαλωσιά;","αίτηση_προσωρινής_χρήσης_οδοστρώματος_πεζοδρομίου"
"Πόσο τέλος πληρώνω για σκαλωσιά στην πλατεία;","αίτηση_προσωρινής_χρήσης_οδοστρώματος_πεζοδρομίου"
"Θέλω άδεια για τοποθέτηση κάδου μπάζων στο οδόστρωμα.","άδεια_κάδου_οικοδομικών_υπολειμμάτων"
"Πού κάνω αίτηση για κάδο οικοδομικών υπολειμμάτων;","άδεια_κάδου_οικοδομικών_υπολειμμάτων"
"Ποια δικαιολογητικά χρειάζονται για κάδο μπάζων;","άδεια_κάδου_οικοδομικών_υπολειμμάτων"
"Πόσο κοστίζει η άδεια για κάδο μπάζων στον δρόμο;","άδεια_κάδου_οικοδομικών_υπολειμμάτων"
"Πόσες μέρες μπορεί να μείνει ο κάδος με τα μπάζα;","άδεια_κάδου_οικοδομικών_υπολειμμάτων"
"Μπορώ να βάλω κάδο μπάζων μπροστά στην πολυκατοικία;","άδεια_κάδου_οικοδομικών_υπολειμμάτων"
"Ποιος εγκρίνει την τοποθέτηση κάδου μπάζων σε οδόστρωμα;","άδεια_κάδου_οικοδομικών_υπολειμμάτων"
"Θέλω παράταση για τον κάδο των μπάζων.","άδεια_κάδου_οικοδομικών_υπολειμμάτων"
"Υπάρχει πρόστιμο για κάδο μπάζων χωρίς άδεια;","άδεια_κάδου_οικοδομικών_υπολειμμάτων"
"Ο κάδος με τα οικοδομικά υλικά θα πιάσει μία θέση στάθμευσης.","άδεια_κάδου_οικοδομικών_υπολειμμάτων"
"Ποιο τμήμα δίνει άδεια για κάδο οικοδομικών υλικών;","άδεια_κάδου_οικοδομικών_υπολειμμάτων"
"Χρειάζεται σήμανση ο κάδος μπάζων τη νύχτα;","άδεια_κάδου_οικοδομικών_υπολειμμάτων"
"Γίνεται ηλεκτρονική αίτηση για κάδο μπάζων;","άδεια_κάδου_οικοδομικών_υπολειμμάτων"
"Πόσο πριν πρέπει να ζητήσω άδεια για τον κάδο των μπάζων;","άδεια_κάδου_οικοδομικών_υπολειμμάτων"
"Ο κάδος με τα μπάζα εμποδίζει την κυκλοφορία.","άδεια_κάδου_οικοδομικών_υπολειμμάτων"
"Μπορεί η εταιρεία μεταφοράς να βγάλει την άδεια κάδου;","άδεια_κάδου_οικοδομικών_υπολειμμάτων"
"Ζητώ άδεια κάδου μπάζων για ανακαίνιση διαμερίσματος.","άδεια_κάδου_οικοδομικών_υπολειμμάτων"
"Πόσο τέλος πληρώνω για τον κάδο ανά ημέρα;","άδεια_κάδου_οικοδομικών_υπολειμμάτων"
"Ο κάδος με τα μπάζα έμεινε μετά το τέλος των εργασιών.","άδεια_κάδου_οικοδομικών_υπολειμμάτων"
"Χρειάζομαι άδεια για κάδο οικοδομικών υλικών σε πεζόδρομο;","άδεια_κάδου_οικοδομικών_υπολειμμάτων"
"Ποιος ελέγχει αν ο κάδος μπάζων είναι σωστά τοποθετημένος;","άδεια_κάδου_οικοδομικών_υπολειμμάτων"
"Πώς δηλώνω την απομάκρυνση του κάδου με τα μπάζα;","άδεια_κάδου_οικοδομικών_υπολειμμάτων"
"Ο γείτονας έβαλε κάδο μπάζων χωρίς άδεια στον δρόμο.","άδεια_κάδου_οικοδομικών_υπολειμμάτων"
"Τι μέγεθος κάδου μπάζων επιτρέπεται στο οδόστρωμα;","άδεια_κάδου_οικοδομικών_υπολειμμάτων"
"Χρειάζεται ασφάλιση για τον κάδο των οικοδομικών υλικών;","άδεια_κάδου_οικοδομικών_υπολειμμάτων"
"Ο κάδος με τα μπάζα ξεχειλίζει, ποιος τον αδειάζει;","άδεια_κάδου_οικοδομικών_υπολειμμάτων"
"Μπορώ να αλλάξω θέση στον κάδο μπάζων μετά την άδεια;","άδεια_κάδου_οικοδομικών_υπολειμμάτων"
"Πόσο διαρκεί η έγκριση για τον κάδο οικοδομικών υπολειμμάτων;","άδεια_κάδου_οικοδομικών_υπολειμμάτων"
"Ζητώ ανανέωση της άδειας κάδου για άλλη μια εβδομάδα.","άδεια_κάδου_οικοδομικών_υπολειμμάτων"
"Ο κάδος με τα μπάζα πρέπει να είναι σκεπασμένος;","άδεια_κάδου_οικοδομικών_υπολειμμάτων"
"Ποιος ευθύνεται αν ο κάδος μπάζων χαλάσει την άσφαλτο;","άδεια_κάδου_οικοδομικών_υπολειμμάτων"
"Χρειάζομαι άδεια κάδου μπάζων και για μία μέρα;","άδεια_κάδου_οικοδομικών_υπολειμμάτων"
"Ο κάδος οικοδομικών υλικών θα μπει σε στενό δρόμο, γίνεται;","άδεια_κάδου_οικοδομικών_υπολειμμάτων"
"Πληρώνω τέλος κατάληψης για τον κάδο των μπάζων;","άδεια_κάδου_οικοδομικών_υπολειμμάτων"
"Πώς ζητάω άδεια κάδου μπάζων για κατεδάφιση;","άδεια_κάδου_οικοδομικών_υπολειμμάτων"
"Θέλω να αφήσω μπάζα στον δρόμο κατά την ανακαίνιση.","άδεια_κάδου_οικοδομικών_υπολειμμάτων"
"Πού ζητάω άδεια για οικοδομικά υπολείμματα στο οδόστρωμα;","άδεια_κάδου_οικοδομικών_υπολειμμάτων"
"Πόσο κοστίζει να πιάσω θέση στάθμευσης για τα μπάζα;","άδεια_κάδου_οικοδομικών_υπολειμμάτων"
"Ποιος εγκρίνει την κατάληψη οδοστρώματος για μπάζα ανακαίνισης;","άδεια_κάδου_οικοδομικών_υπολειμμάτων"
"Τα μπάζα θα μείνουν τρεις μέρες στον δρόμο.","άδεια_κάδου_οικοδομικών_υπολειμμάτων"
"Χρειάζεται έγκριση για κοντέινερ οικοδομικών υλικών;","άδεια_κάδου_οικοδομικών_υπολειμμάτων"
"Ποια δικαιολογητικά θέλει η κατάληψη οδοστρώματος για μπάζα;","άδεια_κάδου_οικοδομικών_υπολειμμάτων"
"Το φορτηγό θα αφήσει τα μπάζα μπροστά στην είσοδο.","άδεια_κάδου_οικοδομικών_υπολειμμάτων"
"Πόσο τέλος πληρώνω για κατάληψη του δρόμου με μπάζα;","άδεια_κάδου_οικοδομικών_υπολειμμάτων"
"Υπάρχει πρόστιμο για μπάζα στον δρόμο χωρίς άδεια;","άδεια_κάδου_οικοδομικών_υπολειμμάτων"
"Ποιο τμήμα δίνει έγκριση για κατάληψη οδοστρώματος με μπάζα;","άδεια_κάδου_οικοδομικών_υπολειμμάτων"
"Χρειάζεται σήμανση γύρω από τα οικοδομικά υλικά;","άδεια_κάδου_οικοδομικών_υπολειμμάτων"
"Θέλω παράταση για την κατάληψη του δρόμου με τα μπάζα.","άδεια_κάδου_οικοδομικών_υπολειμμάτων"
"Ο εργολάβος ζητάει έγγραφο για τα μπάζα της ανακαίνισης.","άδεια_κάδου_οικοδομικών_υπολειμμάτων"
"Μπορώ να κλείσω μία θέση στάθμευσης για τα μπάζα;","άδεια_κάδου_οικοδομικών_υπολειμμάτων"
"Πόσο νωρίτερα κάνω την αίτηση για τα οικοδομικά υπολείμματα;","άδεια_κάδου_οικοδομικών_υπολειμμάτων"
"Τα οικοδομικά υπολείμματα εμποδίζουν τη διέλευση.","άδεια_κάδου_οικοδομικών_υπολειμμάτων"
"Ποιος μαζεύει τα μπάζα όταν τελειώσουν οι εργασίες;","άδεια_κάδου_οικοδομικών_υπολειμμάτων"
"Γίνεται ηλεκτρονικά η αίτηση κατάληψης οδοστρώματος για μπάζα;","άδεια_κάδου_οικοδομικών_υπολειμμάτων"
"Χρειάζεται ασφάλιση για την κατάληψη του δρόμου με μπάζα;","άδεια_κάδου_οικοδομικών_υπολειμμάτων"
"Το κοντέινερ με τα μπάζα θα μπει σε στενό δρόμο, επιτρέπεται;","άδεια_κάδου_οικοδομικών_υπολειμμάτων"
"Πώς δηλώνω ότι απομακρύνθηκαν τα οικοδομικά υλικά;","άδεια_κάδου_οικοδομικών_υπολειμμάτων"
"Ο γείτονας άφησε μπάζα στον δρόμο χωρίς έγκριση.","άδεια_κάδου_οικοδομικών_υπολειμμάτων"
"Πόσο διαρκεί η έγκριση κατάληψης οδοστρώματος για μπάζα;","άδεια_κάδου_οικοδομικών_υπολειμμάτων"
"Ζητώ ανανέωση της έγκρισης για τα μπάζα άλλη μια εβδομάδα.","άδεια_κάδου_οικοδομικών_υπολειμμάτων"
"Πρέπει να είναι σκεπασμένα τα οικοδομικά υπολείμματα;","άδεια_κάδου_οικοδομικών_υπολειμμάτων"
"Ποιος ευθύνεται αν καταστραφεί η άσφαλτος από τα μπάζα;","άδεια_κάδου_οικοδομικών_υπολειμμάτων"
"Χρειάζομαι έγκριση για τα μπάζα ακόμα και για μία ημέρα;","άδεια_κάδου_οικοδομικών_υπολειμμάτων"
"Πληρώνω τέλος κατάληψης για τα μπάζα της ανακαίνισης;","άδεια_κάδου_οικοδομικών_υπολειμμάτων"
"Ποιος ελέγχει τη σωστή τοποθέτηση των οικοδομικών υλικών;","άδεια_κάδου_οικοδομικών_υπολειμμάτων"
"Θέλω να μεταφέρω τα μπάζα σε άλλη θέση στον δρόμο.","άδεια_κάδου_οικοδομικών_υπολειμμάτων"
"Η κατεδάφιση θα βγάλει πολλά μπάζα, τι άδεια χρειάζομαι;","άδεια_κάδου_οικοδομικών_υπολειμμάτων"
"Πόσο κοστίζει η παράταση της κατάληψης για τα μπάζα;","άδεια_κάδου_οικοδομικών_υπολειμμάτων"
"Τα μπάζα ξεχειλίζουν και πέφτουν στον δρόμο.","άδεια_κάδου_οικοδομικών_υπολειμμάτων"
"Ποιες ώρες επιτρέπεται η φόρτωση των οικοδομικών υλικών;","άδεια_κάδου_οικοδομικών_υπολειμμάτων"
"Ρε παιδιά, θέλω να βάλω κάδο για μπάζα, τι κάνω;","άδεια_κάδου_οικοδομικών_υπολειμμάτων"
"Πόσο κοστίζει ο κάδος μπάζων στον δρόμο για μια βδομάδα;","άδεια_κάδου_οικοδομικών_υπολειμμάτων"
"Κάνω ανακαίνιση, πού βάζω τα μπάζα;","άδεια_κάδου_οικοδομικών_υπολειμμάτων"
"Θα φάω πρόστιμο αν αφήσω τον κάδο μπάζων χωρίς χαρτί;","άδεια_κάδου_οικοδομικών_υπολειμμάτων"
"Ο εργολάβος λέει να βγάλω εγώ την άδεια για τον κάδο μπάζων.","άδεια_κάδου_οικοδομικών_υπολειμμάτων"
"Πόσο κάνει να βγει η άδεια για τον κάδο των μπάζων;","άδεια_κάδου_οικοδομικών_υπολειμμάτων"
"Ο γείτονας έχει κάδο με μπάζα μήνες και κανείς δεν λέει τίποτα.","άδεια_κάδου_οικοδομικών_υπολειμμάτων"
"Μου πήρε ο κάδος με τα μπάζα τη θέση παρκαρίσματος.","άδεια_κάδου_οικοδομικών_υπολειμμάτων"
"Πού πάω για την άδεια του κάδου μπάζων;","άδεια_κάδου_οικοδομικών_υπολειμμάτων"
"Τα μπάζα ξεχύθηκαν στον δρόμο, ποιος τα μαζεύει;","άδεια_κάδου_οικοδομικών_υπολειμμάτων"
"Θέλω τον κάδο μπάζων δύο μέρες μόνο, θέλει άδεια;","άδεια_κάδου_οικοδομικών_υπολειμμάτων"
"Πείτε μου τι χαρτιά χρειάζεται ο κάδος με τα μπάζα.","άδεια_κάδου_οικοδομικών_υπολειμμάτων"
"Έληξε η άδεια και ο κάδος μπάζων είναι ακόμα εκεί.","άδεια_κάδου_οικοδομικών_υπολειμμάτων"
"Μπορώ να βάλω τον κάδο με τα μπάζα πιο μπροστά;","άδεια_κάδου_οικοδομικών_υπολειμμάτων"
"Πόσο θα περιμένω για την έγκριση του κάδου μπάζων;","άδεια_κάδου_οικοδομικών_υπολειμμάτων"
"Ο κάδος με τα μπάζα κλείνει τον μισό δρόμο.","άδεια_κάδου_οικοδομικών_υπολειμμάτων"
"Θέλω παράταση για τον κάδο μπάζων, γίνεται;","άδεια_κάδου_οικοδομικών_υπολειμμάτων"
"Ποιον ρωτάω για τα μπάζα στον δρόμο;","άδεια_κάδου_οικοδομικών_υπολειμμάτων"
"Άφησαν τον κάδο με τα μπάζα και εξαφανίστηκαν.","άδεια_κάδου_οικοδομικών_υπολειμμάτων"
"Χρειάζεται φανάρι πάνω στον κάδο μπάζων τη νύχτα;","άδεια_κάδου_οικοδομικών_υπολειμμάτων"
"Θα κατεδαφίσω τοίχο, χρειάζομαι κάδο μπάζων και άδεια.","άδεια_κάδου_οικοδομικών_υπολειμμάτων"
"Πόσο πληρώνω για κατάληψη με τον κάδο των μπάζων;","άδεια_κάδου_οικοδομικών_υπολειμμάτων"
"Ο κάδος μπάζων χάλασε την άσφαλτο, ποιος πληρώνει;","άδεια_κάδου_οικοδομικών_υπολειμμάτων"
"Μπορεί να έρθει το φορτηγό να πάρει τον κάδο με τα μπάζα;","άδεια_κάδου_οικοδομικών_υπολειμμάτων"
"Δεν χωράει ο κάδος μπάζων στο στενό μας.","άδεια_κάδου_οικοδομικών_υπολειμμάτων"
"Έβαλα κάδο μπάζων χωρίς να ξέρω ότι θέλει άδεια.","άδεια_κάδου_οικοδομικών_υπολειμμάτων"
"Ποιος ελέγχει αν ο κάδος με τα μπάζα μπήκε σωστά;","άδεια_κάδου_οικοδομικών_υπολειμμάτων"
"Θέλω να αλλάξω μέρα για τον κάδο των μπάζων.","άδεια_κάδου_οικοδομικών_υπολειμμάτων"
"Πόσο κάνει η παράταση για τον κάδο μπάζων;","άδεια_κάδου_οικοδομικών_υπολειμμάτων"
"Μαζέψτε τον κάδο με τα μπάζα, τελείωσαν οι εργασίες.","άδεια_κάδου_οικοδομικών_υπολειμμάτων"
