"text","intent"
"Θέλω αντίγραφα από τον φάκελο καταγεγραμμένου αυθαιρέτου.","αντίγραφα_φακέλου_αυθαιρέτου"
"Πού ζητάω αντίγραφα φακέλου αυθαιρέτου;","αντίγραφα_φακέλου_αυθαιρέτου"
"Ποια δικαιολογητικά χρειάζονται για τον φάκελο του αυθαιρέτου;","αντίγραφα_φακέλου_αυθαιρέτου"
"Πόσο κοστίζουν τα αντίγραφα φακέλου αυθαιρέτου;","αντίγραφα_φακέλου_αυθαιρέτου"
"Πόσο καιρό παίρνει η χορήγηση του φακέλου αυθαιρέτου;","αντίγραφα_φακέλου_αυθαιρέτου"
"Ποιο τμήμα κρατάει τους φακέλους των αυθαιρέτων;","αντίγραφα_φακέλου_αυθαιρέτου"
"Γίνεται ηλεκτρονικά η αίτηση για φάκελο αυθαιρέτου;","αντίγραφα_φακέλου_αυθαιρέτου"
"Το αυθαίρετο έχει καταγραφεί, πού βρίσκω τον φάκελο;","αντίγραφα_φακέλου_αυθαιρέτου"
"Χρειάζεται εξουσιοδότηση για τον φάκελο του αυθαιρέτου;","αντίγραφα_φακέλου_αυθαιρέτου"
"Μπορεί ο μηχανικός να ζητήσει τον φάκελο του αυθαιρέτου;","αντίγραφα_φακέλου_αυθαιρέτου"
"Ποια στοιχεία περιλαμβάνει ο φάκελος του αυθαιρέτου;","αντίγραφα_φακέλου_αυθαιρέτου"
"Χρειάζεται τίτλος ιδιοκτησίας για τον φάκελο αυθαιρέτου;","αντίγραφα_φακέλου_αυθαιρέτου"
"Πόσα αντίγραφα του φακέλου αυθαιρέτου μπορώ να πάρω;","αντίγραφα_φακέλου_αυθαιρέτου"
"Χρειάζομαι τον φάκελο του αυθαιρέτου για τακτοποίηση.","αντίγραφα_φακέλου_αυθαιρέτου"
"Ζητώ αντίγραφο της έκθεσης του αυθαιρέτου.","αντίγραφα_φακέλου_αυθαιρέτου"
"Χρειάζεται παράβολο για τον φάκελο του αυθαιρέτου;","αντίγραφα_φακέλου_αυθαιρέτου"
"Ποιος υπογράφει την αίτηση για τον φάκελο αυθαιρέτου;","αντίγραφα_φακέλου_αυθαιρέτου"
"Έκανα αίτηση για τον φάκελο αυθαιρέτου και περιμένω.","αντίγραφα_φακέλου_αυθαιρέτου"
"Το αυθαίρετο καταγράφηκε πριν χρόνια, υπάρχει ακόμα ο φάκελος;","αντίγραφα_φακέλου_αυθαιρέτου"
"Πού βρίσκω το έντυπο αίτησης για φάκελο αυθαιρέτου;","αντίγραφα_φακέλου_αυθαιρέτου"
"Χρειάζομαι τον φάκελο του αυθαιρέτου για τη μεταβίβαση.","αντίγραφα_φακέλου_αυθαιρέτου"
"Μπορώ να ζητήσω μόνο τα σχέδια από τον φάκελο του αυθαιρέτου;","αντίγραφα_φακέλου_αυθαιρέτου"
"Ποιος δικαιούται αντίγραφα φακέλου αυθαιρέτου;","αντίγραφα_φακέλου_αυθαιρέτου"
"Το αυθαίρετο έχει πρόστιμο, φαίνεται στον φάκελο;","αντίγραφα_φακέλου_αυθαιρέτου"
"Χρειάζεται αίτηση του ιδιοκτήτη για τον φάκελο του αυθαιρέτου;","αντίγραφα_φακέλου_αυθαιρέτου"
"Πόσο γρήγορα χορηγείται ο φάκελος του αυθαιρέτου;","αντίγραφα_φακέλου_αυθαιρέτου"
"Ο φάκελος του αυθαιρέτου δίνεται σε ψηφιακή μορφή;","αντίγραφα_φακέλου_αυθαιρέτου"
"Ζητώ φάκελο αυθαιρέτου για υπαγωγή στον νόμο τακτοποίησης.","αντίγραφα_φακέλου_αυθαιρέτου"
"Χρειάζεται ταυτότητα για την παραλαβή του φακέλου αυθαιρέτου;","αντίγραφα_φακέλου_αυθαιρέτου"
"Το αυθαίρετο αφορά προσθήκη χωρίς άδεια.","αντίγραφα_φακέλου_αυθαιρέτου"
"Πού αρχειοθετούνται οι φάκελοι των αυθαιρέτων;","αντίγραφα_φακέλου_αυθαιρέτου"
"Μπορεί ο συμβολαιογράφος να ζητήσει τον φάκελο του αυθαιρέτου;","αντίγραφα_φακέλου_αυθαιρέτου"
"Χρειάζομαι τα σχέδια του αυθαιρέτου για τον μηχανικό.","αντίγραφα_φακέλου_αυθαιρέτου"
"Το αυθαίρετο έχει ήδη τακτοποιηθεί, χρειάζομαι τον φάκελο;","αντίγραφα_φακέλου_αυθαιρέτου"
"Αν δεν βρεθεί ο φάκελος του αυθαιρέτου τι γίνεται;","αντίγραφα_φακέλου_αυθαιρέτου"
"Θέλω αντίγραφα από τον φάκελο της καταγραφής της κατασκευής.","αντίγραφα_φακέλου_αυθαιρέτου"
"Πού βρίσκω τα χαρτιά για την παράνομη κατασκευή στο ακίνητό μου;","αντίγραφα_φακέλου_αυθαιρέτου"
"Ποια δικαιολογητικά χρειάζονται για τον φάκελο της καταγραφής;","αντίγραφα_φακέλου_αυθαιρέτου"
"Πόσο κοστίζουν τα αντίγραφα από τον φάκελο της κατασκευής;","αντίγραφα_φακέλου_αυθαιρέτου"
"Πόσο καιρό παίρνει η χορήγηση αυτού του φακέλου;","αντίγραφα_φακέλου_αυθαιρέτου"
"Ποιο τμήμα κρατάει τις καταγραφές παράνομων κατασκευών;","αντίγραφα_φακέλου_αυθαιρέτου"
"Γίνεται ηλεκτρονικά η αίτηση για τα χαρτιά της καταγραφής;","αντίγραφα_φακέλου_αυθαιρέτου"
"Η κατασκευή καταγράφηκε το 2010, πού βρίσκω τα έγγραφα;","αντίγραφα_φακέλου_αυθαιρέτου"
"Χρειάζεται εξουσιοδότηση για τα έγγραφα της καταγραφής;","αντίγραφα_φακέλου_αυθαιρέτου"
"Μπορεί ο μηχανικός να ζητήσει τα έγγραφα της καταγραφής;","αντίγραφα_φακέλου_αυθαιρέτου"
"Ποια έγγραφα περιλαμβάνει ο φάκελος της καταγραφής;","αντίγραφα_φακέλου_αυθαιρέτου"
"Χρειάζεται τίτλος ιδιοκτησίας για τα έγγραφα της κατασκευής;","αντίγραφα_φακέλου_αυθαιρέτου"
"Πόσα αντίγραφα των εγγράφων μπορώ να πάρω;","αντίγραφα_φακέλου_αυθαιρέτου"
"Τα χρειάζομαι για την υπαγωγή στον νόμο τακτοποίησης.","αντίγραφα_φακέλου_αυθαιρέτου"
"Ζητώ αντίγραφο της έκθεσης της παράνομης κατασκευής.","αντίγραφα_φακέλου_αυθαιρέτου"
"Χρειάζεται παράβολο για τα έγγραφα της καταγραφής;","αντίγραφα_φακέλου_αυθαιρέτου"
"Ποιος υπογράφει την αίτηση για τα έγγραφα της κατασκευής;","αντίγραφα_φακέλου_αυθαιρέτου"
"Έκανα αίτηση για τα έγγραφα της καταγραφής και περιμένω.","αντίγραφα_φακέλου_αυθαιρέτου"
"Η καταγραφή έγινε πριν χρόνια, σώζονται τα έγγραφα;","αντίγραφα_φακέλου_αυθαιρέτου"
"Πού βρίσκω το έντυπο για τα έγγραφα της καταγραφής;","αντίγραφα_φακέλου_αυθαιρέτου"
"Τα χρειάζομαι για τη μεταβίβαση του ακινήτου.","αντίγραφα_φακέλου_αυθαιρέτου"
"Μπορώ να ζητήσω μόνο τα σχέδια της κατασκευής;","αντίγραφα_φακέλου_αυθαιρέτου"
"Ποιος δικαιούται πρόσβαση στα έγγραφα της καταγραφής;","αντίγραφα_φακέλου_αυθαιρέτου"
"Το πρόστιμο της κατασκευής φαίνεται στα έγγραφα;","αντίγραφα_φακέλου_αυθαιρέτου"
"Χρειάζεται αίτηση του ιδιοκτήτη για τα έγγραφα;","αντίγραφα_φακέλου_αυθαιρέτου"
"Πόσο γρήγορα χορηγούνται τα έγγραφα της καταγραφής;","αντίγραφα_φακέλου_αυθαιρέτου"
"Δίνονται σε ψηφιακή μορφή τα έγγραφα της κατασκευής;","αντίγραφα_φακέλου_αυθαιρέτου"
"Τα χρειάζομαι για την τακτοποίηση της κατασκευής.","αντίγραφα_φακέλου_αυθαιρέτου"
"Χρειάζεται ταυτότητα για την παραλαβή των εγγράφων;","αντίγραφα_φακέλου_αυθαιρέτου"
"Η κατασκευή είναι προσθήκη χωρίς άδεια στο δώμα.","αντίγραφα_φακέλου_αυθαιρέτου"
"Πού αρχειοθετούνται οι καταγραφές παράνομων κατασκευών;","αντίγραφα_φακέλου_αυθαιρέτου"
"Μπορεί ο συμβολαιογράφος να ζητήσει τα έγγραφα της καταγραφής;","αντίγραφα_φακέλου_αυθαιρέτου"
"Χρειάζομαι τα σχέδια της κατασκευής για τον μηχανικό μου.","αντίγραφα_φακέλου_αυθαιρέτου"
"Η κατασκευή τακτοποιήθηκε ήδη, χρειάζομαι τα έγγραφα;","αντίγραφα_φακέλου_αυθαιρέτου"
"Αν δεν βρεθούν τα έγγραφα της καταγραφής τι γίνεται;","αντίγραφα_φακέλου_αυθαιρέτου"
"Θέλω τον φάκελο του αυθαιρέτου μου.","αντίγραφα_φακέλου_αυθαιρέτου"
"Ρε παιδιά, πού βρίσκω τα χαρτιά του αυθαιρέτου;","αντίγραφα_φακέλου_αυθαιρέτου"
"Το αυθαίρετο καταγράφηκε το 2011, τι κάνω;","αντίγραφα_φακέλου_αυθαιρέτου"
"Πόσο κάνει ο φάκελος του αυθαιρέτου;","αντίγραφα_φακέλου_αυθαιρέτου"
"Ο μηχανικός θέλει τον φάκελο του αυθαιρέτου.","αντίγραφα_φακέλου_αυθαιρέτου"
"Πόσο θα περιμένω για τον φάκελο του αυθαιρέτου;","αντίγραφα_φακέλου_αυθαιρέτου"
"Τον θέλω για να τακτοποιήσω το αυθαίρετο.","αντίγραφα_φακέλου_αυθαιρέτου"
"Έχασα τα χαρτιά του αυθαιρέτου, τι κάνω;","αντίγραφα_φακέλου_αυθαιρέτου"
"Γίνεται online η αίτηση για τον φάκελο αυθαιρέτου;","αντίγραφα_φακέλου_αυθαιρέτου"
"Θέλει εξουσιοδότηση αν πάει ο μηχανικός για το αυθαίρετο;","αντίγραφα_φακέλου_αυθαιρέτου"
"Πουλάω το ακίνητο και θέλω τον φάκελο του αυθαιρέτου.","αντίγραφα_φακέλου_αυθαιρέτου"
"Θέλει παράβολο ο φάκελος του αυθαιρέτου;","αντίγραφα_φακέλου_αυθαιρέτου"
"Πείτε μου τι χαρτιά θέλει η αίτηση για το αυθαίρετο.","αντίγραφα_φακέλου_αυθαιρέτου"
"Έκανα αίτηση για το αυθαίρετο και δεν με πήραν.","αντίγραφα_φακέλου_αυθαιρέτου"
"Μπορώ να πάρω μόνο τα σχέδια του αυθαιρέτου;","αντίγραφα_φακέλου_αυθαιρέτου"
"Πόσα αντίγραφα του φακέλου αυθαιρέτου δικαιούμαι;","αντίγραφα_φακέλου_αυθαιρέτου"
"Ήρθα και μου είπαν ότι δεν βρίσκουν τον φάκελο του αυθαιρέτου.","αντίγραφα_φακέλου_αυθαιρέτου"
"Ποιος υπογράφει την αίτηση για το αυθαίρετο;","αντίγραφα_φακέλου_αυθαιρέτου"
"Βιάζομαι, λήγει η προθεσμία της τακτοποίησης του αυθαιρέτου.","αντίγραφα_φακέλου_αυθαιρέτου"
"Το αυθαίρετο έχει πρόστιμο, φαίνεται πουθενά;","αντίγραφα_φακέλου_αυθαιρέτου"
"Χρειάζεται ταυτότητα για να πάρω τον φάκελο του αυθαιρέτου;","αντίγραφα_φακέλου_αυθαιρέτου"
"Ο συμβολαιογράφος ζητάει τα χαρτιά του αυθαιρέτου.","αντίγραφα_φακέλου_αυθαιρέτου"
"Έκλεισα ημιυπαίθριο, είναι καταγεγραμμένο ως αυθαίρετο;","αντίγραφα_φακέλου_αυθαιρέτου"
"Πόσο γρήγορα βγαίνει ο φάκελος του αυθαιρέτου;","αντίγραφα_φακέλου_αυθαιρέτου"
"Μου τα σκανάρετε τα χαρτιά του αυθαιρέτου;","αντίγραφα_φακέλου_αυθαιρέτου"
"Πού είναι το αρχείο με τα αυθαίρετα;","αντίγραφα_φακέλου_αυθαιρέτου"
"Θέλω τα σχέδια του αυθαιρέτου για τη δήλωση.","αντίγραφα_φακέλου_αυθαιρέτου"
"Είμαι ο ιδιοκτήτης, τι χρειάζομαι για τον φάκελο του αυθαιρέτου;","αντίγραφα_φακέλου_αυθαιρέτου"
"Αγόρασα σπίτι με αυθαίρετο, θέλω τα χαρτιά.","αντίγραφα_φακέλου_αυθαιρέτου"
"Δεν ξέρω αν το σπίτι έχει καταγεγραμμένο αυθαίρετο, πώς το βρίσκω;","αντίγραφα_φακέλου_αυθαιρέτου"
"Θέλω να καταθέσω ένσταση για έκθεση αυτοψίας.","θέματα_εκθέσεων_αυτοψίας"
"Πού υποβάλλω αίτημα για θέματα εκθέσεων αυτοψίας;","θέματα_εκθέσεων_αυτοψίας"
"Ποια δικαιολογητικά χρειάζονται για ένσταση κατά έκθεσης αυτοψίας;","θέματα_εκθέσεων_αυτοψίας"
"Πόση προθεσμία έχω για ένσταση στην έκθεση αυτοψίας;","θέματα_εκθέσεων_αυτοψίας"
"Θέλω αποδοχή της έκθεσης αυτοψίας για μειωμένο πρόστιμο.","θέματα_εκθέσεων_αυτοψίας"
"Ποιο τμήμα εξετάζει τις εκθέσεις αυτοψίας;","θέματα_εκθέσεων_αυτοψίας"
"Γίνεται ηλεκτρονικά η αίτηση για έκθεση αυτοψίας;","θέματα_εκθέσεων_αυτοψίας"
"Ζητώ διαγραφή προστίμου από έκθεση αυτοψίας.","θέματα_εκθέσεων_αυτοψίας"
"Πόσο καιρό παίρνει η εξέταση της έκθεσης αυτοψίας;","θέματα_εκθέσεων_αυτοψίας"
"Μπορεί μηχανικός να καταθέσει την ένσταση για την αυτοψία;","θέματα_εκθέσεων_αυτοψίας"
"Θέλω αναστολή προστίμου μετά την έκθεση αυτοψίας.","θέματα_εκθέσεων_αυτοψίας"
"Πώς δηλώνω κατεδάφιση μετά από έκθεση αυτοψίας;","θέματα_εκθέσεων_αυτοψίας"
"Χρειάζεται τοπογραφικό για την ένσταση στην αυτοψία;","θέματα_εκθέσεων_αυτοψίας"
"Ποιος υπογράφει την αίτηση για την έκθεση αυτοψίας;","θέματα_εκθέσεων_αυτοψίας"
"Έλαβα έκθεση αυτοψίας με πρόστιμο, τι κάνω;","θέματα_εκθέσεων_αυτοψίας"
"Έκανα ένσταση για την έκθεση αυτοψίας και περιμένω.","θέματα_εκθέσεων_αυτοψίας"
"Η ένσταση αναστέλλει το πρόστιμο της έκθεσης αυτοψίας;","θέματα_εκθέσεων_αυτοψίας"
"Πόσες φορές μπορώ να προσβάλω την έκθεση αυτοψίας;","θέματα_εκθέσεων_αυτοψίας"
"Χρειάζεται δικηγόρος για την έκθεση αυτοψίας;","θέματα_εκθέσεων_αυτοψίας"
"Ποιος αποφασίζει για την ένσταση κατά της έκθεσης αυτοψίας;","θέματα_εκθέσεων_αυτοψίας"
"Χρειάζεται παράβολο για την ένσταση στην έκθεση αυτοψίας;","θέματα_εκθέσεων_αυτοψίας"
"Η έκθεση αυτοψίας αφορά αυθαίρετη κατασκευή στο μπαλκόνι.","θέματα_εκθέσεων_αυτοψίας"
"Η προθεσμία της έκθεσης αυτοψίας έληξε, τι κάνω;","θέματα_εκθέσεων_αυτοψίας"
"Πώς ενημερώνομαι για την απόφαση επί της έκθεσης αυτοψίας;","θέματα_εκθέσεων_αυτοψίας"
"Ζητώ διαγραφή της έκθεσης αυτοψίας γιατί τακτοποίησα το ακίνητο.","θέματα_εκθέσεων_αυτοψίας"
"Χρειάζεται τίτλος ιδιοκτησίας για την έκθεση αυτοψίας;","θέματα_εκθέσεων_αυτοψίας"
"Πού βρίσκω το έντυπο για θέματα εκθέσεων αυτοψίας;","θέματα_εκθέσεων_αυτοψίας"
"Η έκθεση αυτοψίας εξετάζεται από επιτροπή;","θέματα_εκθέσεων_αυτοψίας"
"Το πρόστιμο της έκθεσης αυτοψίας υπολογίστηκε λάθος.","θέματα_εκθέσεων_αυτοψίας"
"Πόσο γρήγορα απαντάτε σε ένσταση έκθεσης αυτοψίας;","θέματα_εκθέσεων_αυτοψίας"
"Η αποδοχή της έκθεσης αυτοψίας μειώνει το πρόστιμο;","θέματα_εκθέσεων_αυτοψίας"
"Ποια στοιχεία αναφέρω στην ένσταση για την αυτοψία;","θέματα_εκθέσεων_αυτοψίας"
"Μετά την έκθεση αυτοψίας μπορώ να προσφύγω δικαστικά;","θέματα_εκθέσεων_αυτοψίας"
"Κατεδάφισα την κατασκευή, πώς ακυρώνεται η έκθεση αυτοψίας;","θέματα_εκθέσεων_αυτοψίας"
"Ποιος συντάσσει την έκθεση αυτοψίας;","θέματα_εκθέσεων_αυτοψίας"
"Μου ήρθε πρόστιμο για αυθαίρετη κατασκευή, πώς το προσβάλλω;","θέματα_εκθέσεων_αυτοψίας"
"Πού καταθέτω αντιρρήσεις για το πρόστιμο της πολεοδομίας;","θέματα_εκθέσεων_αυτοψίας"
"Ποια δικαιολογητικά χρειάζονται για να προσβάλω το πρόστιμο;","θέματα_εκθέσεων_αυτοψίας"
"Πόση προθεσμία έχω για αντιρρήσεις στο πρόστιμο;","θέματα_εκθέσεων_αυτοψίας"
"Αν δεχτώ το πρόστιμο μειώνεται το ποσό;","θέματα_εκθέσεων_αυτοψίας"
"Ποιο τμήμα εξετάζει τα πρόστιμα αυθαιρέτων;","θέματα_εκθέσεων_αυτοψίας"
"Γίνεται ηλεκτρονικά η κατάθεση αντιρρήσεων για το πρόστιμο;","θέματα_εκθέσεων_αυτοψίας"
"Ζητώ διαγραφή του προστίμου γιατί τακτοποίησα την κατασκευή.","θέματα_εκθέσεων_αυτοψίας"
"Πόσο καιρό παίρνει η εξέταση των αντιρρήσεων για το πρόστιμο;","θέματα_εκθέσεων_αυτοψίας"
"Μπορεί ο μηχανικός να καταθέσει τις αντιρρήσεις για το πρόστιμο;","θέματα_εκθέσεων_αυτοψίας"
"Θέλω αναστολή της βεβαίωσης του προστίμου.","θέματα_εκθέσεων_αυτοψίας"
"Πώς δηλώνω ότι κατεδάφισα την παράνομη κατασκευή;","θέματα_εκθέσεων_αυτοψίας"
"Χρειάζεται τοπογραφικό για τις αντιρρήσεις στο πρόστιμο;","θέματα_εκθέσεων_αυτοψίας"
"Ποιος υπογράφει την αίτηση για το πρόστιμο της πολεοδομίας;","θέματα_εκθέσεων_αυτοψίας"
"Ήρθαν και έκαναν έλεγχο, μου κοινοποίησαν πρόστιμο.","θέματα_εκθέσεων_αυτοψίας"
"Κατέθεσα αντιρρήσεις για το πρόστιμο και περιμένω.","θέματα_εκθέσεων_αυτοψίας"
"Οι αντιρρήσεις σταματούν τη βεβαίωση του προστίμου;","θέματα_εκθέσεων_αυτοψίας"
"Πόσες φορές μπορώ να προσβάλω το πρόστιμο;","θέματα_εκθέσεων_αυτοψίας"
"Χρειάζεται δικηγόρος για τις αντιρρήσεις στο πρόστιμο;","θέματα_εκθέσεων_αυτοψίας"
"Ποιος αποφασίζει για τις αντιρρήσεις κατά του προστίμου;","θέματα_εκθέσεων_αυτοψίας"
"Χρειάζεται παράβολο για τις αντιρρήσεις στο πρόστιμο;","θέματα_εκθέσεων_αυτοψίας"
"Το πρόστιμο αφορά κλειστό ημιυπαίθριο χώρο.","θέματα_εκθέσεων_αυτοψίας"
"Η προθεσμία για τις αντιρρήσεις έληξε, τι κάνω;","θέματα_εκθέσεων_αυτοψίας"
"Πώς μαθαίνω την απόφαση για τις αντιρρήσεις μου στο πρόστιμο;","θέματα_εκθέσεων_αυτοψίας"
"Ζητώ ακύρωση του προστίμου μετά την τακτοποίηση.","θέματα_εκθέσεων_αυτοψίας"
"Χρειάζεται τίτλος ιδιοκτησίας για τις αντιρρήσεις στο πρόστιμο;","θέματα_εκθέσεων_αυτοψίας"
"Πού βρίσκω το έντυπο για αντιρρήσεις κατά προστίμου;","θέματα_εκθέσεων_αυτοψίας"
"Εξετάζονται από επιτροπή οι αντιρρήσεις για το πρόστιμο;","θέματα_εκθέσεων_αυτοψίας"
"Το ποσό του προστίμου υπολογίστηκε λάθος.","θέματα_εκθέσεων_αυτοψίας"
"Πόσο γρήγορα απαντάτε στις αντιρρήσεις για το πρόστιμο;","θέματα_εκθέσεων_αυτοψίας"
"Η αποδοχή του προστίμου μειώνει το ποσό που θα πληρώσω;","θέματα_εκθέσεων_αυτοψίας"
"Ποια στοιχεία αναφέρω στις αντιρρήσεις κατά του προστίμου;","θέματα_εκθέσεων_αυτοψίας"
"Μπορώ να προσφύγω δικαστικά κατά του προστίμου;","θέματα_εκθέσεων_αυτοψίας"
"Γκρέμισα την κατασκευή, ακυρώνεται το πρόστιμο;","θέματα_εκθέσεων_αυτοψίας"
"Ποιος συντάσσει το πρόστιμο για αυθαίρετη κατασκευή;","θέματα_εκθέσεων_αυτοψίας"
"Μου ήρθε έκθεση αυτοψίας, τι κάνω τώρα;","θέματα_εκθέσεων_αυτοψίας"
"Ρε παιδιά, πώς κάνω ένσταση στην έκθεση αυτοψίας;","θέματα_εκθέσεων_αυτοψίας"
"Πόσες μέρες έχω για την ένσταση στην αυτοψία;","θέματα_εκθέσεων_αυτοψίας"
"Μου έβαλαν πρόστιμο για το κλειστό μπαλκόνι.","θέματα_εκθέσεων_αυτοψίας"
"Ποιον ρωτάω για την έκθεση αυτοψίας;","θέματα_εκθέσεων_αυτοψίας"
"Ο μηχανικός λέει να κάνω ένσταση στην αυτοψία.","θέματα_εκθέσεων_αυτοψίας"
"Πόσο κάνει η ένσταση στην έκθεση αυτοψίας;","θέματα_εκθέσεων_αυτοψίας"
"Έκανα ένσταση για την αυτοψία και δεν πήρα απάντηση.","θέματα_εκθέσεων_αυτοψίας"
"Πέρασε η προθεσμία της έκθεσης αυτοψίας, χάθηκα;","θέματα_εκθέσεων_αυτοψίας"
"Θέλει δικηγόρο η ένσταση για το πρόστιμο;","θέματα_εκθέσεων_αυτοψίας"
"Αν δεχτώ την έκθεση αυτοψίας πληρώνω λιγότερα;","θέματα_εκθέσεων_αυτοψίας"
"Γκρέμισα ό,τι μου είπαν, φεύγει το πρόστιμο;","θέματα_εκθέσεων_αυτοψίας"
"Πόσο θα περιμένω για απάντηση στην έκθεση αυτοψίας;","θέματα_εκθέσεων_αυτοψίας"
"Το πρόστιμο μου φαίνεται υπερβολικό, τι κάνω;","θέματα_εκθέσεων_αυτοψίας"
"Ήρθαν χωρίς να με ειδοποιήσουν και έκαναν αυτοψία.","θέματα_εκθέσεων_αυτοψίας"
"Θέλει τοπογραφικό η ένσταση στην έκθεση αυτοψίας;","θέματα_εκθέσεων_αυτοψίας"
"Πείτε μου τι χαρτιά θέλει η ένσταση για την αυτοψία.","θέματα_εκθέσεων_αυτοψίας"
"Τακτοποίησα το αυθαίρετο, σβήνεται η έκθεση αυτοψίας;","θέματα_εκθέσεων_αυτοψίας"
"Αν απορριφθεί η ένσταση για την αυτοψία τι γίνεται;","θέματα_εκθέσεων_αυτοψίας"
"Ήρθα και μου είπαν ότι λείπει χαρτί για την έκθεση αυτοψίας.","θέματα_εκθέσεων_αυτοψίας"
"Θέλει παράβολο η ένσταση στην έκθεση αυτοψίας;","θέματα_εκθέσεων_αυτοψίας"
"Γίνεται online η ένσταση για την αυτοψία;","θέματα_εκθέσεων_αυτοψίας"
"Ποιος αποφασίζει τελικά για την έκθεση αυτοψίας;","θέματα_εκθέσεων_αυτοψίας"
"Θα σταματήσει το πρόστιμο μέχρι να δουν την ένσταση;","θέματα_εκθέσεων_αυτοψίας"
"Το πρόστιμο ήρθε στην εφορία, τι κάνω;","θέματα_εκθέσεων_αυτοψίας"
"Πού βρίσκω το έντυπο της ένστασης για την αυτοψία;","θέματα_εκθέσεων_αυτοψίας"
"Βιάζομαι, λήγει η προθεσμία της έκθεσης αυτοψίας.","θέματα_εκθέσεων_αυτοψίας"
"Μπορώ να πάω στο δικαστήριο για το πρόστιμο;","θέματα_εκθέσεων_αυτοψίας"
"Ο γείτονας με κατήγγειλε και ήρθε αυτοψία.","θέματα_εκθέσεων_αυτοψίας"
"Πόσο γρήγορα βγαίνει απόφαση για την έκθεση αυτοψίας;","θέματα_εκθέσεων_αυτοψίας"
"Θέλω αίτηση για τροποποίηση σχεδίου πόλης.","τροποποίηση_σχεδίου_πόλης"
"Πού υποβάλλω αίτημα τροποποίησης του σχεδίου πόλης;","τροποποίηση_σχεδίου_πόλης"
"Ποια δικαιολογητικά χρειάζονται για τροποποίηση σχεδίου πόλης;","τροποποίηση_σχεδίου_πόλης"
"Πόσο κοστίζει η αίτηση τροποποίησης σχεδίου πόλης;","τροποποίηση_σχεδίου_πόλης"
"Πόσο καιρό παίρνει η τροποποίηση του σχεδίου πόλης;","τροποποίηση_σχεδίου_πόλης"
"Ποιο τμήμα εξετάζει την τροποποίηση σχεδίου πόλης;","τροποποίηση_σχεδίου_πόλης"
"Γίνεται ηλεκτρονικά η αίτηση τροποποίησης σχεδίου πόλης;","τροποποίηση_σχεδίου_πόλης"
"Ποιος μπορεί να ζητήσει τροποποίηση σχεδίου πόλης;","τροποποίηση_σχεδίου_πόλης"
"Χρειάζεται τοπογραφικό για την τροποποίηση σχεδίου πόλης;","τροποποίηση_σχεδίου_πόλης"
"Μπορεί μηχανικός να καταθέσει την τροποποίηση σχεδίου πόλης;","τροποποίηση_σχεδίου_πόλης"
"Η τροποποίηση σχεδίου πόλης απαιτεί απόφαση Δημοτικού Συμβουλίου;","τροποποίηση_σχεδίου_πόλης"
"Ζητώ τροποποίηση σχεδίου πόλης για άρση ρυμοτομικής απαλλοτρίωσης.","τροποποίηση_σχεδίου_πόλης"
"Ποιος υπογράφει την αίτηση τροποποίησης σχεδίου πόλης;","τροποποίηση_σχεδίου_πόλης"
"Έκανα αίτηση τροποποίησης σχεδίου πόλης και περιμένω.","τροποποίηση_σχεδίου_πόλης"
"Η τροποποίηση σχεδίου πόλης δημοσιεύεται σε ΦΕΚ;","τροποποίηση_σχεδίου_πόλης"
"Χρειάζεται παράβολο για την τροποποίηση σχεδίου πόλης;","τροποποίηση_σχεδίου_πόλης"
"Πόσο διαρκεί η διαδικασία τροποποίησης σχεδίου πόλης;","τροποποίηση_σχεδίου_πόλης"
"Η τροποποίηση σχεδίου πόλης επηρεάζει τους όρους δόμησης;","τροποποίηση_σχεδίου_πόλης"
"Χρειάζεται τίτλος ιδιοκτησίας για την τροποποίηση σχεδίου πόλης;","τροποποίηση_σχεδίου_πόλης"
"Πού βρίσκω το έντυπο τροποποίησης σχεδίου πόλης;","τροποποίηση_σχεδίου_πόλης"
"Η τροποποίηση σχεδίου πόλης περνάει από δημόσια διαβούλευση;","τροποποίηση_σχεδίου_πόλης"
"Μπορούν πολλοί ιδιοκτήτες να ζητήσουν τροποποίηση σχεδίου πόλης;","τροποποίηση_σχεδίου_πόλης"
"Πόσο γρήγορα απαντάτε σε αίτημα τροποποίησης σχεδίου πόλης;","τροποποίηση_σχεδίου_πόλης"
"Η τροποποίηση σχεδίου πόλης αφορά τη διάνοιξη δρόμου.","τροποποίηση_σχεδίου_πόλης"
"Ποια στοιχεία αναφέρω στην αίτηση τροποποίησης σχεδίου πόλης;","τροποποίηση_σχεδίου_πόλης"
"Μετά την τροποποίηση σχεδίου πόλης αλλάζουν τα όρια του οικοπέδου;","τροποποίηση_σχεδίου_πόλης"
"Χρειάζεται μελέτη μηχανικού για την τροποποίηση σχεδίου πόλης;","τροποποίηση_σχεδίου_πόλης"
"Η τροποποίηση σχεδίου πόλης εγκρίνεται από την Περιφέρεια;","τροποποίηση_σχεδίου_πόλης"
"Πόσες φορές μπορεί να γίνει τροποποίηση σχεδίου πόλης;","τροποποίηση_σχεδίου_πόλης"
"Η τροποποίηση σχεδίου πόλης αφορά κοινόχρηστο χώρο;","τροποποίηση_σχεδίου_πόλης"
"Ζητώ τροποποίηση σχεδίου πόλης γιατί ο δρόμος περνάει από το σπίτι μου.","τροποποίηση_σχεδίου_πόλης"
"Ποιος αποφασίζει τελικά για την τροποποίηση σχεδίου πόλης;","τροποποίηση_σχεδίου_πόλης"
"Μπορώ να προσβάλω μια τροποποίηση σχεδίου πόλης;","τροποποίηση_σχεδίου_πόλης"
"Η τροποποίηση σχεδίου πόλης χρειάζεται γνωμοδότηση επιτροπής;","τροποποίηση_σχεδίου_πόλης"
"Πώς ενημερώνομαι για την πορεία της τροποποίησης σχεδίου πόλης;","τροποποίηση_σχεδίου_πόλης"
"Θέλω να αλλάξει το ρυμοτομικό στην περιοχή μου.","τροποποίηση_σχεδίου_πόλης"
"Πού υποβάλλω αίτημα για αλλαγή του ρυμοτομικού σχεδίου;","τροποποίηση_σχεδίου_πόλης"
"Ποια δικαιολογητικά χρειάζονται για αλλαγή στο ρυμοτομικό;","τροποποίηση_σχεδίου_πόλης"
"Πόσο κοστίζει το αίτημα για αλλαγή του ρυμοτομικού;","τροποποίηση_σχεδίου_πόλης"
"Πόσο καιρό παίρνει η αλλαγή στο ρυμοτομικό σχέδιο;","τροποποίηση_σχεδίου_πόλης"
"Ποιο τμήμα εξετάζει τα αιτήματα για το ρυμοτομικό;","τροποποίηση_σχεδίου_πόλης"
"Γίνεται ηλεκτρονικά η αίτηση για το ρυμοτομικό σχέδιο;","τροποποίηση_σχεδίου_πόλης"
"Ποιος μπορεί να ζητήσει αλλαγή στο ρυμοτομικό;","τροποποίηση_σχεδίου_πόλης"
"Χρειάζεται τοπογραφικό διάγραμμα για το ρυμοτομικό;","τροποποίηση_σχεδίου_πόλης"
"Μπορεί ο μηχανικός να καταθέσει το αίτημα για το ρυμοτομικό;","τροποποίηση_σχεδίου_πόλης"
"Απαιτείται απόφαση Δημοτικού Συμβουλίου για το ρυμοτομικό;","τροποποίηση_σχεδίου_πόλης"
"Ζητώ άρση ρυμοτομικής απαλλοτρίωσης στο οικόπεδό μου.","τροποποίηση_σχεδίου_πόλης"
"Ποιος υπογράφει το αίτημα για το ρυμοτομικό σχέδιο;","τροποποίηση_σχεδίου_πόλης"
"Έκανα αίτημα για το ρυμοτομικό και περιμένω απάντηση.","τροποποίηση_σχεδίου_πόλης"
"Η αλλαγή στο ρυμοτομικό δημοσιεύεται σε ΦΕΚ;","τροποποίηση_σχεδίου_πόλης"
"Χρειάζεται παράβολο για το αίτημα στο ρυμοτομικό;","τροποποίηση_σχεδίου_πόλης"
"Πόσο διαρκεί η διαδικασία αλλαγής του ρυμοτομικού;","τροποποίηση_σχεδίου_πόλης"
"Η αλλαγή στο ρυμοτομικό επηρεάζει τους όρους δόμησης;","τροποποίηση_σχεδίου_πόλης"
"Χρειάζεται τίτλος ιδιοκτησίας για το αίτημα στο ρυμοτομικό;","τροποποίηση_σχεδίου_πόλης"
"Πού βρίσκω το έντυπο για το ρυμοτομικό σχέδιο;","τροποποίηση_σχεδίου_πόλης"
"Το αίτημα για το ρυμοτομικό περνάει από διαβούλευση;","τροποποίηση_σχεδίου_πόλης"
"Μπορούμε πολλοί ιδιοκτήτες να ζητήσουμε αλλαγή στο ρυμοτομικό;","τροποποίηση_σχεδίου_πόλης"
"Πόσο γρήγορα απαντάτε σε αίτημα για το ρυμοτομικό;","τροποποίηση_σχεδίου_πόλης"
"Το αίτημα αφορά τη διάνοιξη δρόμου στη γειτονιά.","τροποποίηση_σχεδίου_πόλης"
"Ποια στοιχεία αναφέρω στο αίτημα για το ρυμοτομικό;","τροποποίηση_σχεδίου_πόλης"
"Μετά την αλλαγή στο ρυμοτομικό αλλάζουν τα όρια του οικοπέδου;","τροποποίηση_σχεδίου_πόλης"
"Χρειάζεται μελέτη μηχανικού για το αίτημα στο ρυμοτομικό;","τροποποίηση_σχεδίου_πόλης"
"Η αλλαγή στο ρυμοτομικό εγκρίνεται από την Περιφέρεια;","τροποποίηση_σχεδίου_πόλης"
"Πόσες φορές μπορεί να αλλάξει το ρυμοτομικό σχέδιο;","τροποποίηση_σχεδίου_πόλης"
"Το αίτημα αφορά χαρακτηρισμό κοινόχρηστου χώρου.","τροποποίηση_σχεδίου_πόλης"
"Ο δρόμος περνάει από το οικόπεδό μου, τι μπορώ να κάνω;","τροποποίηση_σχεδίου_πόλης"
"Ποιος αποφασίζει τελικά για το ρυμοτομικό σχέδιο;","τροποποίηση_σχεδίου_πόλης"
"Μπορώ να προσβάλω μια αλλαγή στο ρυμοτομικό;","τροποποίηση_σχεδίου_πόλης"
"Χρειάζεται γνωμοδότηση επιτροπής για το ρυμοτομικό;","τροποποίηση_σχεδίου_πόλης"
"Πώς ενημερώνομαι για την πορεία του αιτήματος στο ρυμοτομικό;","τροποποίηση_σχεδίου_πόλης"
"Θέλω να αλλάξει το σχέδιο πόλης στη γειτονιά μου.","τροποποίηση_σχεδίου_πόλης"
"Ρε παιδιά, πώς γίνεται τροποποίηση σχεδίου πόλης;","τροποποίηση_σχεδίου_πόλης"
"Ο δρόμος στο ρυμοτομικό περνάει μέσα από το σπίτι μου.","τροποποίηση_σχεδίου_πόλης"
"Πόσο κάνει η αίτηση τροποποίησης σχεδίου πόλης;","τροποποίηση_σχεδίου_πόλης"
"Ο μηχανικός λέει ότι θέλει τροποποίηση σχεδίου πόλης.","τροποποίηση_σχεδίου_πόλης"
"Πόσο θα περιμένω για την τροποποίηση σχεδίου πόλης;","τροποποίηση_σχεδίου_πόλης"
"Το οικόπεδό μου είναι δεσμευμένο για πλατεία εδώ και χρόνια.","τροποποίηση_σχεδίου_πόλης"
"Πού κάνω το αίτημα για το ρυμοτομικό;","τροποποίηση_σχεδίου_πόλης"
"Γίνεται online η αίτηση τροποποίησης σχεδίου πόλης;","τροποποίηση_σχεδίου_πόλης"
"Θέλει τοπογραφικό η τροποποίηση σχεδίου πόλης;","τροποποίηση_σχεδίου_πόλης"
"Μπορούμε να το ζητήσουμε όλοι οι γείτονες μαζί;","τροποποίηση_σχεδίου_πόλης"
"Θέλει παράβολο η τροποποίηση σχεδίου πόλης;","τροποποίηση_σχεδίου_πόλης"
"Πείτε μου τι χαρτιά θέλει η τροποποίηση σχεδίου πόλης.","τροποποίηση_σχεδίου_πόλης"
"Έκανα αίτηση για το σχέδιο πόλης και δεν με πήραν.","τροποποίηση_σχεδίου_πόλης"
"Πόσα χρόνια κρατάει αυτή η διαδικασία για το ρυμοτομικό;","τροποποίηση_σχεδίου_πόλης"
"Θα βγει σε ΦΕΚ η τροποποίηση σχεδίου πόλης;","τροποποίηση_σχεδίου_πόλης"
"Ήρθα και μου είπαν ότι λείπει χαρτί για το ρυμοτομικό.","τροποποίηση_σχεδίου_πόλης"
"Ποιος υπογράφει το αίτημα τροποποίησης σχεδίου πόλης;","τροποποίηση_σχεδίου_πόλης"
"Πάει στο Δημοτικό Συμβούλιο η τροποποίηση σχεδίου πόλης;","τροποποίηση_σχεδίου_πόλης"
"Μου δέσμευσαν το οικόπεδο για δρόμο, γίνεται άρση;","τροποποίηση_σχεδίου_πόλης"
"Πόσο γρήγορα βγαίνει απόφαση για την τροποποίηση σχεδίου πόλης;","τροποποίηση_σχεδίου_πόλης"
"Αν μου απορρίψουν την τροποποίηση σχεδίου πόλης τι γίνεται;","τροποποίηση_σχεδίου_πόλης"
"Θα αλλάξουν οι όροι δόμησης μετά την τροποποίηση σχεδίου πόλης;","τροποποίηση_σχεδίου_πόλης"
"Πού βρίσκω το έντυπο για την τροποποίηση σχεδίου πόλης;","τροποποίηση_σχεδίου_πόλης"
"Θα ρωτήσουν και τους κατοίκους για το ρυμοτομικό;","τροποποίηση_σχεδίου_πόλης"
"Ποιος εγκρίνει τελικά την τροποποίηση σχεδίου πόλης;","τροποποίηση_σχεδίου_πόλης"
"Το αίτημα για το ρυμοτομικό μου το απέρριψαν, τι κάνω;","τροποποίηση_σχεδίου_πόλης"
"Βιάζομαι, θέλω να χτίσω και με εμποδίζει το ρυμοτομικό.","τροποποίηση_σχεδίου_πόλης"
"Θέλω να μάθω αν αλλάζει το σχέδιο πόλης στην περιοχή μου.","τροποποίηση_σχεδίου_πόλης"
"Ποιος πληρώνει αν αλλάξει το ρυμοτομικό και χάσω μέτρα;","τροποποίηση_σχεδίου_πόλης"
